Player,PlayersNthBuzzerBeater,Date,Year,Team,Location,Opp,Margin,Type,Assisted,AssistedGrouped,Distance,Minutes,PTS,FG,FGA,FG%,3P,3PA,3P%,FT,FTA,FT%,TRB,AST,STL,BLK,GmSc
Spencer Dinwiddie,1,3/16/2022,2022,DAL,Away,BRK,-1,3-pt FG,L. Don?i?,Assisted,26,33.28333333,22,6,14,0.429,2,6,0.333,8,8,1,4,3,3,0,19.1
Cameron Johnson,1,3/4/2022,2022,PHO,Home,NYK,-2,3-pt FG,C. Payne,Assisted,31,28.21666667,38,11,16,0.688,9,12,0.75,7,8,0.875,2,0,1,0,32
Kelly Olynyk,1,2/27/2022,2022,DET,Away,CHO,-1,2-pt FG,K. Hayes,Assisted,14,24.16666667,20,7,13,0.538,4,5,0.8,2,2,1,8,3,2,0,20.6
Monte Morris,1,2/16/2022,2022,DEN,Away,GSW,-2,3-pt FG,N. Joki?,Assisted,27,31.46666667,13,4,6,0.667,2,4,0.5,3,3,1,4,6,0,0,14
Stephen Curry,1,1/21/2022,2022,GSW,Home,HOU,0,2-pt FG,unassisted,Unassisted,20,38.93333333,22,6,21,0.286,4,13,0.308,6,8,0.75,4,12,1,1,17
RJ Barrett,1,1/6/2022,2022,NYK,Home,BOS,0,3-pt FG,A. Burks,Assisted,25,33.33333333,13,4,15,0.267,2,4,0.5,3,4,0.75,3,6,0,0,7
DeMar DeRozan  ,3,1/1/2022,2022,CHI,Away,WAS,-2,3-pt FG,C. White,Assisted,24,35.25,28,10,22,0.455,1,1,1,7,10,0.7,9,5,0,0,17.2
DeMar DeRozan  ,2,12/31/2021,2021,CHI,Away,IND,-1,3-pt FG,unassisted,Unassisted,27,35.1,28,8,24,0.333,1,3,0.333,11,12,0.917,3,6,3,0,18.7
Chimezie Metu,1,12/29/2021,2021,SAC,Home,DAL,-2,3-pt FG,D. Fox,Assisted,23,20.21666667,11,4,8,0.5,3,5,0.6,0,0,,8,0,1,1,10.7
Shai Gilgeous-Alexander,1,12/18/2021,2021,OKC,Home,LAC,-2,3-pt FG,M. Muscala,Assisted,27,35.81666667,18,8,16,0.5,2,5,0.4,0,0,,3,6,1,0,12.5
Devonte' Graham,1,12/15/2021,2021,NOP,Away,OKC,0,3-pt FG,J. Hart,Assisted,61,33.4,15,5,14,0.357,5,10,0.5,0,1,0,4,8,1,0,13.2
Luka Don?i?  ,3,11/6/2021,2021,DAL,Home,BOS,0,3-pt FG,unassisted,Unassisted,26,35.06666667,33,12,21,0.571,5,10,0.5,4,4,1,9,5,0,1,22.8
Harrison Barnes  ,3,10/27/2021,2021,SAC,Away,PHO,0,3-pt FG,D. Fox,Assisted,27,38.7,22,10,18,0.556,2,6,0.333,0,0,,9,4,0,0,18.7
Ben Simmons,1,5/2/2021,2021,PHI,Away,SAS,0,2-pt FG,unassisted,Unassisted,0,34.76666667,5,2,6,0.333,0,0,,1,5,0.2,6,5,2,0,5.5
Bam Adebayo,1,4/18/2021,2021,MIA,Home,BRK,0,2-pt FG,unassisted,Unassisted,13,32.65,21,9,16,0.563,0,0,,3,5,0.6,15,5,2,0,16.4
Luka Don?i?  ,2,4/14/2021,2021,DAL,Away,MEM,-2,3-pt FG,M. Kleber,Assisted,25,34.26666667,29,10,20,0.5,3,10,0.3,6,9,0.667,5,9,2,1,23.7
Gary Trent Jr.,1,4/5/2021,2021,TOR,Home,WAS,-1,3-pt FG,unassisted,Unassisted,26,31.2,16,7,15,0.467,2,6,0.333,0,0,,2,2,0,0,9.5
Harrison Barnes  ,2,3/27/2021,2021,SAC,Home,CLE,-1,3-pt FG,D. Fox,Assisted,26,36.46666667,16,6,10,0.6,1,3,0.333,3,4,0.75,11,0,0,0,9.9
Tony Snell,1,3/11/2021,2021,ATL,Away,TOR,-2,3-pt FG,T. Young,Assisted,25,26.46666667,6,2,4,0.5,2,3,0.667,0,0,,4,2,0,0,5.8
Luguentz Dort,1,2/24/2021,2021,OKC,Home,SAS,0,3-pt FG,A. Horford,Assisted,23,30.73333333,16,6,12,0.5,4,7,0.571,0,0,,4,1,0,0,10.3
Terry Rozier,1,2/20/2021,2021,CHO,Home,GSW,0,2-pt FG,unassisted,Unassisted,20,38.9,36,12,19,0.632,8,11,0.727,4,4,1,3,4,1,0,28.6
Damian Lillard  ,3,1/30/2021,2021,POR,Away,CHI,-2,3-pt FG,unassisted,Unassisted,26,36.45,44,15,26,0.577,8,17,0.471,6,6,1,5,9,1,0,35.8
Cole Anthony,1,1/20/2021,2021,ORL,Away,MIN,-2,3-pt FG,unassisted,Unassisted,25,27.95,13,5,7,0.714,3,3,1,0,0,,7,3,0,1,12.8
Buddy Hield  ,2,12/23/2020,2020,SAC,Away,DEN,0,2-pt FG,unassisted,Unassisted,0,41.11666667,22,7,15,0.467,5,11,0.455,3,3,1,4,3,1,0,14
Anthony Davis  ,2,9/20/2020,2020,LAL,Home,DEN,-1,3-pt FG,R. Rondo,Assisted,26,39.3,31,11,23,0.478,2,4,0.5,7,7,1,9,2,1,2,24
OG Anunoby,1,9/3/2020,2020,TOR,Away,BOS,-2,3-pt FG,K. Lowry,Assisted,23,45.46666667,12,4,8,0.5,3,5,0.6,1,2,0.5,10,1,3,2,15.1
Jimmy Butler  ,2,9/2/2020,2020,MIA,Away,MIL,0,Free throw,,Free Throw,,36.21666667,13,3,8,0.375,0,2,0,7,8,0.875,3,6,3,0,13.9
Luka Don?i?  ,1,8/23/2020,2020,DAL,Home,LAC,-1,3-pt FG,unassisted,Unassisted,27,45.75,43,18,31,0.581,4,10,0.4,3,5,0.6,17,13,2,1,37.6
Devin Booker  ,3,8/4/2020,2020,PHO,Away,LAC,0,2-pt FG,unassisted,Unassisted,18,37.13333333,35,13,25,0.52,6,9,0.667,3,5,0.6,4,8,0,0,25.5
Bojan Bogdanovi?  ,2,2/9/2020,2020,UTA,Away,HOU,-2,3-pt FG,J. Ingles,Assisted,28,32.26666667,8,2,7,0.286,2,5,0.4,2,2,1,2,4,0,0,6.3
Nemanja Bjelica,1,12/9/2019,2019,SAC,Away,HOU,-2,3-pt FG,C. Joseph,Assisted,32,29.65,17,6,14,0.429,3,7,0.429,2,2,1,5,4,3,0,13.7
Malik Monk,1,11/15/2019,2019,CHO,Home,DET,0,3-pt FG,C. Martin,Assisted,26,21.95,19,8,12,0.667,2,4,0.5,1,2,0.5,4,1,0,0,12.5
Bojan Bogdanovi?  ,1,11/8/2019,2019,UTA,Home,MIL,0,3-pt FG,J. Ingles,Assisted,23,37.55,33,9,19,0.474,5,10,0.5,10,10,1,5,0,0,0,21.4
Jae Crowder,1,10/27/2019,2019,MEM,Home,BRK,-2,3-pt FG,J. Morant,Assisted,27,37.71666667,6,2,6,0.333,2,5,0.4,0,0,,7,5,1,2,8.8
Kawhi Leonard,1,5/12/2019,2019,TOR,Home,PHI,0,2-pt FG,unassisted,Unassisted,15,43.28333333,41,16,39,0.41,2,9,0.222,7,8,0.875,8,3,3,0,24.4
Damian Lillard  ,2,4/23/2019,2019,POR,Home,OKC,0,3-pt FG,unassisted,Unassisted,36,45.26666667,50,17,33,0.515,10,18,0.556,6,8,0.75,7,6,3,1,36.9
Maurice Harkless,1,4/9/2019,2019,POR,Away,LAL,0,3-pt FG,C. McCollum,Assisted,24,33.98333333,26,9,14,0.643,1,4,0.25,7,8,0.875,8,0,0,4,25
Trae Young,1,3/31/2019,2019,ATL,Home,MIL,-1,2-pt FG,unassisted,Unassisted,11,35.45,12,5,19,0.263,2,9,0.222,0,0,,5,16,2,0,14
Jeremy Lamb,1,3/24/2019,2019,CHO,Away,TOR,-2,3-pt FG,unassisted,Unassisted,48,25.01666667,13,5,11,0.455,3,4,0.75,0,0,,0,0,1,2,9.3
Lou Williams,1,3/17/2019,2019,LAC,Home,BRK,0,3-pt FG,D. Gallinari,Assisted,28,26.53333333,25,8,16,0.5,2,6,0.333,7,7,1,6,2,0,0,19
Nikola Joki?,1,3/14/2019,2019,DEN,Home,DAL,-1,2-pt FG,unassisted,Unassisted,12,29.96666667,11,4,9,0.444,0,2,0,3,4,0.75,14,8,0,1,14.8
Dwyane Wade  ,5,2/27/2019,2019,MIA,Home,GSW,-2,3-pt FG,unassisted,Unassisted,25,25.75,25,10,17,0.588,5,8,0.625,0,0,,7,3,1,2,20.1
Rajon Rondo,1,2/7/2019,2019,LAL,Away,BOS,-1,2-pt FG,unassisted,Unassisted,19,35.01666667,17,7,11,0.636,3,4,0.75,0,0,,7,10,0,0,18.6
Karl-Anthony Towns,1,1/30/2019,2019,MIN,Home,MEM,0,2-pt FG,unassisted,Unassisted,14,26.45,16,7,17,0.412,0,6,0,2,2,1,10,2,0,0,8.1
Rudy Gay  ,4,1/29/2019,2019,SAS,Home,PHO,0,2-pt FG,unassisted,Unassisted,21,31.7,16,7,17,0.412,0,0,,2,2,1,5,5,1,1,12.6
Buddy Hield  ,1,1/19/2019,2019,SAC,Away,DET,-1,3-pt FG,unassisted,Unassisted,27,37.55,35,13,22,0.591,7,9,0.778,2,2,1,9,3,0,1,29.3
Pascal Siakam,1,1/17/2019,2019,TOR,Home,PHO,0,2-pt FG,unassisted,Unassisted,2,33,10,4,8,0.5,0,3,0,2,2,1,12,5,1,2,14.9
Evan Fournier  ,2,12/30/2018,2018,ORL,Home,DET,0,2-pt FG,A. Gordon,Assisted,12,29.6,13,6,10,0.6,1,2,0.5,0,0,,5,3,1,0,8.8
Bogdan Bogdanovi?,1,12/27/2018,2018,SAC,Home,LAL,-2,3-pt FG,N. Bjelica,Assisted,26,30.26666667,23,9,16,0.563,3,7,0.429,2,3,0.667,1,1,1,1,13.3
Larry Nance Jr.,1,12/18/2018,2018,CLE,Away,IND,-1,2-pt FG,unassisted,Unassisted,0,33.43333333,15,7,14,0.5,1,3,0.333,0,0,,16,6,3,1,19.5
Reggie Bullock,1,11/14/2018,2018,DET,Away,TOR,0,2-pt FG,J. Calderón,Assisted,5,28.93333333,5,2,9,0.222,1,7,0.143,0,0,,1,2,2,0,1
Evan Fournier  ,1,11/5/2018,2018,ORL,Home,CLE,0,2-pt FG,A. Gordon,Assisted,24,31.96666667,15,5,15,0.333,2,9,0.222,3,4,0.75,1,5,3,1,10
LeBron James  ,7,5/5/2018,2018,CLE,Home,TOR,0,2-pt FG,unassisted,Unassisted,9,41.26666667,38,14,26,0.538,1,4,0.25,9,11,0.818,6,7,3,1,31
LeBron James  ,6,4/25/2018,2018,CLE,Home,IND,0,3-pt FG,J. Green,Assisted,24,41.81666667,44,14,24,0.583,1,4,0.25,15,15,1,10,8,1,1,38.1
Gerald Green,1,3/30/2018,2018,HOU,Home,PHO,-2,3-pt FG,T. Ariza,Assisted,23,28.28333333,15,5,14,0.357,4,11,0.364,1,1,1,0,0,0,0,5.6
Russell Westbrook  ,2,2/22/2018,2018,OKC,Away,SAC,0,3-pt FG,C. Anthony,Assisted,25,38.36666667,17,4,14,0.286,1,6,0.167,8,10,0.8,15,11,2,0,13.8
LeBron James  ,5,2/7/2018,2018,CLE,Home,MIN,0,2-pt FG,J. Green,Assisted,17,48.31666667,37,16,22,0.727,5,7,0.714,0,2,0,10,15,1,1,36.6
Al Horford  ,2,2/4/2018,2018,BOS,Home,POR,-1,2-pt FG,J. Brown,Assisted,19,36.28333333,22,8,12,0.667,2,2,1,4,4,1,10,5,0,2,21.3
Gary Harris,1,2/1/2018,2018,DEN,Home,OKC,0,3-pt FG,N. Joki?,Assisted,24,37.98333333,25,9,16,0.563,5,9,0.556,2,2,1,3,3,1,0,18
Harrison Barnes  ,1,11/22/2017,2017,DAL,Away,MEM,-2,3-pt FG,D. Smith,Assisted,29,34.85,22,9,19,0.474,1,3,0.333,3,5,0.6,9,1,0,0,14.3
Blake Griffin  ,2,10/26/2017,2017,LAC,Away,POR,-2,3-pt FG,unassisted,Unassisted,24,40.36666667,25,10,16,0.625,2,5,0.4,3,8,0.375,8,5,1,0,20.1
Eric Gordon,1,10/25/2017,2017,HOU,Away,PHI,-2,3-pt FG,J. Harden,Assisted,23,39.9,29,7,20,0.35,5,16,0.313,10,12,0.833,4,5,0,0,20.7
Andrew Wiggins  ,2,10/22/2017,2017,MIN,Away,OKC,-1,3-pt FG,unassisted,Unassisted,29,39.4,27,10,20,0.5,2,7,0.286,5,8,0.625,7,4,2,0,21.3
Joe Johnson  ,8,4/15/2017,2017,UTA,Away,LAC,0,2-pt FG,unassisted,Unassisted,4,31.28333333,21,9,14,0.643,3,4,0.75,0,0,,3,3,3,1,20.1
Noah Vonleh,1,4/10/2017,2017,POR,Home,SAS,-1,2-pt FG,unassisted,Unassisted,2,37.05,12,6,9,0.667,0,0,,0,0,,11,1,0,0,13.3
Russell Westbrook  ,1,4/9/2017,2017,OKC,Away,DEN,-2,3-pt FG,S. Adams,Assisted,36,36.95,50,17,32,0.531,5,12,0.417,11,11,1,16,10,1,0,45.6
D'Angelo Russell,1,4/9/2017,2017,LAL,Home,MIN,-2,3-pt FG,J. Randle,Assisted,25,34.45,16,6,19,0.316,2,8,0.25,2,2,1,4,4,3,0,6.7
Hassan Whiteside,1,3/28/2017,2017,MIA,Away,DET,-1,2-pt FG,unassisted,Unassisted,0,30.05,17,7,13,0.538,0,0,,3,4,0.75,9,1,0,1,13.8
Brook Lopez,1,3/21/2017,2017,BRK,Home,DET,0,2-pt FG,R. Foye,Assisted,16,32.88333333,29,13,24,0.542,3,9,0.333,0,2,0,7,1,0,0,18
Devin Booker  ,2,3/11/2017,2017,PHO,Away,DAL,0,2-pt FG,unassisted,Unassisted,19,34.5,36,12,20,0.6,2,5,0.4,10,10,1,5,2,0,0,28.3
Tyler Ulis,1,3/5/2017,2017,PHO,Home,BOS,0,3-pt FG,unassisted,Unassisted,25,33.13333333,20,8,12,0.667,1,1,1,3,3,1,2,5,1,0,19.1
Rudy Gobert,1,3/5/2017,2017,UTA,Away,SAC,-1,2-pt FG,unassisted,Unassisted,1,41.45,16,8,11,0.727,0,0,,0,2,0,23,3,1,3,23.6
Devin Booker  ,1,2/3/2017,2017,PHO,Away,SAC,0,2-pt FG,unassisted,Unassisted,20,40.85,33,11,24,0.458,4,8,0.5,7,10,0.7,2,2,2,1,21.5
Andrew Wiggins  ,1,1/24/2017,2017,MIN,Away,PHO,-1,2-pt FG,unassisted,Unassisted,18,38.65,31,11,22,0.5,2,4,0.5,7,8,0.875,6,3,2,0,23.9
Marcus Morris,1,1/21/2017,2017,DET,Home,WAS,-1,2-pt FG,unassisted,Unassisted,0,37.66666667,25,7,17,0.412,3,6,0.5,8,9,0.889,11,3,1,0,22.1
T.J. McConnell,1,1/11/2017,2017,PHI,Home,NYK,-1,2-pt FG,E. ?lyasova,Assisted,12,34.06666667,8,4,6,0.667,0,0,,0,0,,6,7,2,0,12.5
Giannis Antetokounmpo,1,1/4/2017,2017,MIL,Away,NYK,-1,2-pt FG,unassisted,Unassisted,15,38.55,27,10,18,0.556,1,4,0.25,6,7,0.857,13,4,1,3,24.4
Jimmy Butler  ,1,12/28/2016,2016,CHI,Home,BRK,0,2-pt FG,unassisted,Unassisted,20,38.35,40,14,29,0.483,1,2,0.5,11,11,1,10,4,4,0,33.7
Randy Foye  ,2,12/26/2016,2016,BRK,Home,CHO,-1,3-pt FG,B. Bogdanovi?,Assisted,25,20.71666667,3,1,2,0.5,1,2,0.5,0,0,,1,2,0,0,3.3
Marc Gasol,1,11/8/2016,2016,MEM,Home,DEN,-1,2-pt FG,V. Carter,Assisted,3,30.33333333,19,9,14,0.643,0,1,0,1,3,0.333,2,6,0,1,16.1
Eric Bledsoe,1,11/2/2016,2016,PHO,Home,POR,0,3-pt FG,unassisted,Unassisted,25,39.91666667,20,7,20,0.35,1,4,0.25,5,5,1,7,4,1,0,11.3
John Henson,1,10/29/2016,2016,MIL,Home,BRK,0,2-pt FG,unassisted,Unassisted,1,20.93333333,7,3,6,0.5,0,0,,1,2,0.5,12,3,2,2,11.3
J.J. Redick,1,3/24/2016,2016,LAC,Home,POR,0,2-pt FG,C. Paul,Assisted,20,25.15,11,5,11,0.455,1,3,0.333,0,0,,4,0,1,0,5.7
Emmanuel Mudiay,1,3/23/2016,2016,DEN,Home,PHI,-2,3-pt FG,unassisted,Unassisted,36,42.03333333,27,10,23,0.435,3,5,0.6,4,5,0.8,11,4,0,1,20.3
Gordon Hayward  ,2,2/9/2016,2016,UTA,Away,DAL,0,2-pt FG,unassisted,Unassisted,17,45.16666667,20,8,20,0.4,0,6,0,4,5,0.8,5,4,1,0,11.5
Joe Johnson  ,7,2/8/2016,2016,BRK,Home,DEN,-2,3-pt FG,M. Brown,Assisted,27,29.56666667,12,5,10,0.5,2,5,0.4,0,0,,3,8,2,0,13.5
Nikola Vu?evi?  ,2,2/7/2016,2016,ORL,Home,ATL,0,2-pt FG,E. Payton,Assisted,17,34.8,22,11,19,0.579,0,0,,0,0,,9,2,2,0,12.8
Avery Bradley,1,2/5/2016,2016,BOS,Away,CLE,-2,3-pt FG,I. Thomas,Assisted,23,35.68333333,14,5,12,0.417,4,8,0.5,0,0,,3,1,0,1,6.7
Deron Williams,1,1/5/2016,2016,DAL,Home,SAC,-2,3-pt FG,D. Harris,Assisted,22,43.41666667,25,10,18,0.556,3,6,0.5,2,4,0.5,2,4,2,0,15.2
Cory Joseph,1,11/28/2015,2015,TOR,Away,WAS,-1,3-pt FG,unassisted,Unassisted,24,34.33333333,12,5,7,0.714,2,2,1,0,0,,0,6,1,1,11.6
Nikola Vu?evi?  ,1,11/11/2015,2015,ORL,Home,LAL,0,2-pt FG,T. Harris,Assisted,19,25.56666667,18,9,16,0.563,0,0,,0,0,,5,2,0,1,13.4
LeBron James  ,4,5/10/2015,2015,CLE,Away,CHI,0,2-pt FG,M. Dellavedova,Assisted,21,43.15,25,10,30,0.333,1,7,0.143,4,4,1,14,8,1,2,11.4
Paul Pierce  ,7,5/9/2015,2015,WAS,Home,ATL,0,2-pt FG,unassisted,Unassisted,21,25.58333333,13,5,12,0.417,3,7,0.429,0,0,,7,1,0,0,6.8
Derrick Rose  ,2,5/8/2015,2015,CHI,Home,CLE,0,3-pt FG,M. Dunleavy,Assisted,26,38.71666667,30,10,26,0.385,1,3,0.333,9,10,0.9,7,7,1,1,20.7
Jerryd Bayless,1,4/25/2015,2015,MIL,Home,CHI,0,2-pt FG,J. Dudley,Assisted,1,25.2,10,3,10,0.3,0,1,0,4,5,0.8,3,5,0,0,8.2
Marcus Smart,1,4/4/2015,2015,BOS,Away,TOR,-1,2-pt FG,unassisted,Unassisted,1,31.88333333,15,6,9,0.667,2,5,0.4,1,3,0.333,4,4,2,1,15
Khris Middleton  ,2,3/24/2015,2015,MIL,Home,MIA,-2,3-pt FG,Z. Pachulia,Assisted,24,39.08333333,13,5,17,0.294,2,8,0.25,1,2,0.5,4,2,0,0,2.9
Tyler Zeller,1,3/4/2015,2015,BOS,Home,UTA,-1,2-pt FG,M. Smart,Assisted,1,29.8,8,4,8,0.5,0,0,,0,2,0,11,1,1,2,8.6
DeMarcus Cousins,1,2/8/2015,2015,SAC,Home,PHO,0,2-pt FG,B. McLemore,Assisted,19,36.71666667,28,13,25,0.52,0,0,,2,4,0.5,12,2,0,2,14.9
Anthony Davis  ,1,2/6/2015,2015,NOP,Away,OKC,0,3-pt FG,T. Evans,Assisted,29,44.41666667,41,15,23,0.652,1,1,1,10,10,1,10,3,0,2,34.8
James Harden  ,2,1/23/2015,2015,HOU,Away,PHO,0,2-pt FG,unassisted,Unassisted,20,39.8,33,8,18,0.444,3,6,0.5,14,17,0.824,6,10,3,1,30.3
Khris Middleton  ,1,12/15/2014,2014,MIL,Away,PHO,-1,3-pt FG,J. Dudley,Assisted,25,28.85,14,6,9,0.667,2,3,0.667,0,0,,1,3,1,0,10.9
Tobias Harris  ,3,12/13/2014,2014,ORL,Home,ATL,-1,2-pt FG,unassisted,Unassisted,14,39.2,20,7,16,0.438,0,3,0,6,10,0.6,6,5,0,3,14.8
Bradley Beal,1,12/10/2014,2014,WAS,Away,ORL,0,2-pt FG,A. Miller,Assisted,1,33.9,9,4,8,0.5,1,3,0.333,0,0,,3,3,0,1,7.1
Blake Griffin  ,1,12/8/2014,2014,LAC,Home,PHO,-2,3-pt FG,unassisted,Unassisted,25,42.53333333,45,14,24,0.583,2,2,1,15,17,0.882,8,2,1,0,33.2
Kemba Walker  ,2,12/5/2014,2014,CHO,Home,NYK,-1,2-pt FG,unassisted,Unassisted,1,39.05,11,4,15,0.267,0,2,0,3,3,1,4,4,1,1,6.8
Monta Ellis  ,4,12/3/2014,2014,DAL,Away,MIL,0,2-pt FG,unassisted,Unassisted,18,36.13333333,23,11,26,0.423,0,3,0,1,1,1,2,7,3,1,17.2
Solomon Hill,1,11/19/2014,2014,IND,Home,CHO,0,2-pt FG,unassisted,Unassisted,0,37.5,6,3,8,0.375,0,2,0,0,0,,5,0,0,0,0.5
Trey Burke,1,11/14/2014,2014,UTA,Away,NYK,0,2-pt FG,unassisted,Unassisted,18,35.36666667,13,5,9,0.556,3,5,0.6,0,0,,1,8,0,1,12.9
Courtney Lee,1,11/13/2014,2014,MEM,Home,SAC,-1,2-pt FG,V. Carter,Assisted,1,35.91666667,16,6,9,0.667,1,1,1,3,3,1,1,3,3,0,15.3
Lance Stephenson,1,11/7/2014,2014,CHO,Home,ATL,0,3-pt FG,M. Williams,Assisted,32,47.18333333,17,7,15,0.467,1,3,0.333,2,2,1,13,4,0,0,11.6
Tobias Harris  ,2,11/5/2014,2014,ORL,Away,PHI,0,2-pt FG,E. Fournier,Assisted,20,36.43333333,18,8,18,0.444,0,3,0,2,2,1,8,1,2,1,12.4
Gordon Hayward  ,1,11/5/2014,2014,UTA,Home,CLE,0,2-pt FG,unassisted,Unassisted,20,36.55,21,7,12,0.583,0,1,0,7,7,1,4,7,0,1,17.8
Damian Lillard  ,1,5/2/2014,2014,POR,Home,HOU,-2,3-pt FG,N. Batum,Assisted,25,43.4,25,8,14,0.571,6,10,0.6,3,3,1,6,3,3,1,21.6
Vince Carter  ,5,4/26/2014,2014,DAL,Home,SAS,-2,3-pt FG,J. Calderón,Assisted,22,22.83333333,11,3,8,0.375,1,3,0.333,4,4,1,3,1,0,0,7.2
Chris Douglas-Roberts,1,4/14/2014,2014,CHA,Away,ATL,0,2-pt FG,J. McRoberts,Assisted,6,23.38333333,5,2,3,0.667,0,1,0,1,1,1,2,1,1,0,4.8
Dion Waiters,1,3/26/2014,2014,CLE,Away,DET,-1,2-pt FG,L. Deng,Assisted,19,38.53333333,18,8,20,0.4,0,6,0,2,3,0.667,4,4,0,1,10.3
Dirk Nowitzki  ,3,2/24/2014,2014,DAL,Away,NYK,0,2-pt FG,unassisted,Unassisted,19,32.43333333,15,6,13,0.462,0,5,0,3,3,1,1,3,2,0,11.3
Tobias Harris  ,1,2/7/2014,2014,ORL,Home,OKC,-1,2-pt FG,M. Harkless,Assisted,2,34.21666667,18,6,17,0.353,0,1,0,6,6,1,5,2,2,1,13.1
Randy Foye  ,1,2/3/2014,2014,DEN,Home,LAC,-2,3-pt FG,unassisted,Unassisted,30,40.2,14,4,11,0.364,2,7,0.286,4,5,0.8,7,4,1,2,9.6
Evan Turner  ,2,1/29/2014,2014,PHI,Away,BOS,-1,2-pt FG,unassisted,Unassisted,7,37.93333333,16,6,17,0.353,0,5,0,4,6,0.667,6,8,2,0,14.3
Taj Gibson,1,1/20/2014,2014,CHI,Home,LAL,0,2-pt FG,M. Dunleavy,Assisted,2,32,12,3,11,0.273,0,0,,6,7,0.857,6,0,2,2,9.7
Andre Iguodala  ,5,1/3/2014,2014,GSW,Away,ATL,-2,3-pt FG,S. Curry,Assisted,26,26.8,7,3,5,0.6,1,3,0.333,0,0,,3,5,1,0,10.5
Joe Johnson  ,6,1/2/2014,2014,BRK,Away,OKC,0,2-pt FG,unassisted,Unassisted,19,30.35,9,4,11,0.364,1,6,0.167,0,0,,4,0,1,0,2.9
Jeff Teague,1,12/26/2013,2013,ATL,Away,CLE,0,2-pt FG,unassisted,Unassisted,20,48.73333333,34,14,24,0.583,1,4,0.25,5,7,0.714,3,14,3,0,28.5
Evan Turner  ,1,12/20/2013,2013,PHI,Home,BRK,-1,2-pt FG,unassisted,Unassisted,2,47.21666667,29,13,22,0.591,1,4,0.25,2,3,0.667,10,5,1,0,19.9
Kemba Walker  ,1,12/18/2013,2013,CHA,Away,TOR,0,2-pt FG,J. McRoberts,Assisted,18,43.96666667,29,10,18,0.556,4,7,0.571,5,7,0.714,5,1,3,0,17.2
Al Horford  ,1,12/13/2013,2013,ATL,Home,WAS,0,2-pt FG,P. Anti?,Assisted,11,41,34,15,23,0.652,0,0,,4,5,0.8,15,2,2,0,31.8
Monta Ellis  ,3,12/7/2013,2013,DAL,Away,POR,0,2-pt FG,J. Calderón,Assisted,21,39.18333333,20,8,17,0.471,2,3,0.667,2,2,1,1,4,1,0,10.8
Joe Johnson  ,5,11/15/2013,2013,BRK,Away,PHO,0,2-pt FG,unassisted,Unassisted,1,44.78333333,13,6,19,0.316,0,4,0,1,2,0.5,5,1,0,0,1.5
Andre Iguodala  ,4,11/14/2013,2013,GSW,Home,OKC,-1,2-pt FG,K. Thompson,Assisted,16,37.41666667,14,5,6,0.833,2,2,1,2,2,1,1,9,1,1,18.1
Jeff Green  ,3,11/9/2013,2013,BOS,Away,MIA,-2,3-pt FG,G. Wallace,Assisted,24,35.85,24,8,16,0.5,5,8,0.625,3,5,0.6,5,1,0,1,17.7
LeBron James  ,3,5/22/2013,2013,MIA,Home,IND,-1,2-pt FG,unassisted,Unassisted,1,46.55,30,12,24,0.5,2,6,0.333,4,7,0.571,10,10,0,3,24.1
James Harden  ,1,4/9/2013,2013,HOU,Home,PHO,0,3-pt FG,unassisted,Unassisted,25,44.16666667,33,9,21,0.429,2,8,0.25,13,14,0.929,6,6,3,1,21
Jeff Green  ,2,3/27/2013,2013,BOS,Away,CLE,-1,2-pt FG,A. Bradley,Assisted,0,41.43333333,21,7,18,0.389,2,2,1,5,8,0.625,7,5,2,1,15.1
Monta Ellis  ,2,2/27/2013,2013,MIL,Away,HOU,0,3-pt FG,B. Jennings,Assisted,27,44.61666667,27,9,24,0.375,2,6,0.333,7,11,0.636,6,13,6,0,25.7
Joe Johnson  ,4,2/19/2013,2013,BRK,Home,MIL,0,2-pt FG,unassisted,Unassisted,14,44.01666667,24,10,18,0.556,3,5,0.6,1,1,1,5,5,0,0,21.2
LaMarcus Aldridge  ,2,1/29/2013,2013,POR,Home,DAL,0,2-pt FG,W. Matthews,Assisted,18,41.78333333,29,12,20,0.6,1,1,1,4,5,0.8,13,3,1,2,28
DeMar DeRozan  ,1,1/24/2013,2013,TOR,Away,ORL,0,2-pt FG,unassisted,Unassisted,22,43.45,22,10,17,0.588,0,0,,2,2,1,4,7,0,1,18.7
Jordan Crawford,1,1/21/2013,2013,WAS,Away,POR,0,3-pt FG,M. Webster,Assisted,31,22.18333333,13,5,8,0.625,3,4,0.75,0,0,,1,1,0,0,8.2
James Johnson,1,12/28/2012,2012,SAC,Home,NYK,-2,3-pt FG,J. Salmons,Assisted,25,28.53333333,17,8,14,0.571,1,1,1,0,1,0,7,3,1,1,13.9
J.R. Smith  ,2,12/26/2012,2012,NYK,Away,PHO,0,2-pt FG,J. Kidd,Assisted,21,37.08333333,27,11,27,0.407,0,4,0,5,6,0.833,6,5,5,1,18.3
Joe Johnson  ,3,12/14/2012,2012,BRK,Home,DET,0,2-pt FG,unassisted,Unassisted,23,51.96666667,28,12,22,0.545,2,7,0.286,2,3,0.667,4,5,0,0,20.3
Mo Williams  ,4,12/12/2012,2012,UTA,Home,SAS,0,3-pt FG,unassisted,Unassisted,27,32.03333333,8,3,9,0.333,1,4,0.25,1,2,0.5,3,4,0,0,3
J.R. Smith  ,1,12/5/2012,2012,NYK,Away,CHA,0,2-pt FG,unassisted,Unassisted,18,31.71666667,13,6,16,0.375,1,9,0.111,0,0,,1,4,1,2,5.1
Brandon Jennings,1,11/3/2012,2012,MIL,Home,CLE,0,3-pt FG,M. Dunleavy,Assisted,26,37.23333333,13,5,13,0.385,1,5,0.2,2,2,1,4,13,2,1,14.9
Tony Parker  ,2,11/1/2012,2012,SAS,Home,OKC,0,2-pt FG,D. Green,Assisted,21,34.86666667,14,6,13,0.462,1,2,0.5,1,2,0.5,3,11,0,0,13.7
LaMarcus Aldridge  ,1,4/6/2012,2012,POR,Away,DAL,0,2-pt FG,unassisted,Unassisted,17,44.48333333,25,11,24,0.458,0,0,,3,4,0.75,12,2,0,1,18.9
Luol Deng,1,3/24/2012,2012,CHI,Home,TOR,-1,2-pt FG,unassisted,Unassisted,2,49.55,23,10,24,0.417,0,6,0,3,5,0.6,10,4,2,1,18.5
Derrick Rose  ,1,3/7/2012,2012,CHI,Away,MIL,0,2-pt FG,unassisted,Unassisted,20,39.28333333,30,8,22,0.364,0,5,0,14,14,1,8,11,1,1,26
Luke Ridnour  ,2,2/22/2012,2012,MIN,Home,UTA,0,2-pt FG,J. Barea,Assisted,8,34.73333333,17,5,10,0.5,1,3,0.333,6,6,1,3,6,0,0,15.1
Kevin Love,1,1/20/2012,2012,MIN,Away,LAC,0,3-pt FG,L. Ridnour,Assisted,28,36.35,17,5,16,0.313,2,3,0.667,5,6,0.833,14,3,1,0,14.7
Kevin Durant  ,3,12/29/2011,2011,OKC,Home,DAL,-1,3-pt FG,T. Sefolosha,Assisted,28,41.16666667,30,10,16,0.625,3,5,0.6,7,9,0.778,11,6,1,2,25.5
Nicolas Batum,1,3/25/2011,2011,POR,Home,SAS,0,2-pt FG,A. Miller,Assisted,0,32.8,21,7,15,0.467,3,7,0.429,4,4,1,4,1,2,0,17.6
Jameer Nelson,1,3/18/2011,2011,ORL,Home,DEN,0,3-pt FG,unassisted,Unassisted,26,35.16666667,13,5,12,0.417,3,6,0.5,0,0,,3,1,2,0,6.4
Al Jefferson,1,3/9/2011,2011,UTA,Away,TOR,0,2-pt FG,unassisted,Unassisted,2,42.13333333,34,17,24,0.708,0,0,,0,0,,8,2,0,1,27.1
Channing Frye,1,2/27/2011,2011,PHO,Away,IND,0,2-pt FG,S. Nash,Assisted,23,42.9,14,5,11,0.455,3,7,0.429,1,2,0.5,10,1,1,1,11.7
Stephen Jackson,1,2/12/2011,2011,CHA,Away,ATL,0,2-pt FG,unassisted,Unassisted,19,42.95,32,12,24,0.5,1,6,0.167,7,8,0.875,2,1,1,1,20.8
Arron Afflalo,1,2/10/2011,2011,DEN,Home,DAL,-1,2-pt FG,C. Billups,Assisted,19,34.58333333,24,8,16,0.5,4,8,0.5,4,4,1,3,2,1,0,19.3
Antonio McDyess  ,2,2/3/2011,2011,SAS,Away,LAL,-1,2-pt FG,unassisted,Unassisted,2,29.6,8,3,10,0.3,0,0,,2,2,1,8,5,0,1,8.6
Kevin Durant  ,2,1/22/2011,2011,OKC,Home,NYK,0,3-pt FG,unassisted,Unassisted,25,41.76666667,30,10,25,0.4,3,8,0.375,7,7,1,12,2,0,0,17.7
Tyreke Evans,1,12/29/2010,2010,SAC,Home,MEM,-1,3-pt FG,D. Cousins,Assisted,50,38.08333333,21,8,17,0.471,2,4,0.5,3,5,0.6,4,4,2,0,14.1
Mike Dunleavy,1,12/20/2010,2010,IND,Home,NOH,-1,2-pt FG,unassisted,Unassisted,1,27.5,8,3,11,0.273,0,4,0,2,2,1,3,4,2,1,6.1
Manu Ginóbili,1,12/15/2010,2010,SAS,Home,MIL,0,2-pt FG,unassisted,Unassisted,17,30.48333333,26,9,13,0.692,2,3,0.667,6,9,0.667,6,4,1,0,20.9
Derek Fisher  ,3,12/8/2010,2010,LAL,Away,LAC,-1,2-pt FG,unassisted,Unassisted,3,24.31666667,6,3,6,0.5,0,1,0,0,0,,4,2,2,0,5
Andrew Bogut  ,2,12/8/2010,2010,MIL,Home,IND,0,2-pt FG,L. Mbah a Moute,Assisted,2,37.61666667,17,5,14,0.357,0,0,,7,10,0.7,11,1,2,5,15.5
Carmelo Anthony  ,2,11/26/2010,2010,DEN,Home,CHI,-1,2-pt FG,unassisted,Unassisted,23,39.33333333,22,7,18,0.389,0,1,0,8,10,0.8,6,8,0,1,16.7
Mo Williams  ,3,11/24/2010,2010,CLE,Home,MIL,0,2-pt FG,unassisted,Unassisted,15,32.6,25,11,22,0.5,2,6,0.333,1,1,1,4,5,1,0,15.9
Rudy Gay  ,3,11/20/2010,2010,MEM,Home,MIA,0,2-pt FG,unassisted,Unassisted,13,35.26666667,15,5,13,0.385,0,3,0,5,6,0.833,8,2,0,1,8.4
Metta World Peace,1,5/27/2010,2010,LAL,Home,PHO,0,2-pt FG,unassisted,Unassisted,0,31.13333333,4,2,9,0.222,0,3,0,0,0,,5,2,3,1,2.3
Paul Pierce  ,6,4/23/2010,2010,BOS,Away,MIA,0,2-pt FG,unassisted,Unassisted,21,43.78333333,32,11,23,0.478,4,10,0.4,6,8,0.75,8,3,1,0,20.4
Carmelo Anthony  ,1,3/26/2010,2010,DEN,Away,TOR,-1,2-pt FG,C. Billups,Assisted,18,40.88333333,25,10,22,0.455,1,4,0.25,4,6,0.667,8,2,1,0,16.2
Josh Smith,1,3/24/2010,2010,ATL,Home,ORL,0,2-pt FG,unassisted,Unassisted,0,36.66666667,15,4,10,0.4,0,0,,7,9,0.778,7,3,1,4,12.6
Joe Johnson  ,2,3/19/2010,2010,ATL,Home,CHA,-1,2-pt FG,unassisted,Unassisted,21,40.95,18,7,21,0.333,1,1,1,3,4,0.75,3,4,3,0,7.4
James Posey  ,3,1/22/2010,2010,NOH,Away,MIN,0,2-pt FG,unassisted,Unassisted,0,26.2,6,3,7,0.429,0,4,0,0,0,,3,1,0,0,2.3
Jamal Crawford  ,2,1/15/2010,2010,ATL,Home,PHO,-2,3-pt FG,M. Bibby,Assisted,28,30.56666667,21,6,15,0.4,2,7,0.286,7,7,1,1,4,1,0,12.8
Sundiata Gaines,1,1/14/2010,2010,UTA,Home,CLE,-2,3-pt FG,R. Price,Assisted,26,9.416666667,9,3,3,1,1,1,1,2,3,0.667,1,1,1,0,7.5
Gerald Wallace,1,1/9/2010,2010,CHA,Home,MEM,0,2-pt FG,unassisted,Unassisted,0,43.31666667,18,8,15,0.533,0,2,0,2,3,0.667,8,1,1,3,14.3
Kobe Bryant  ,8,1/1/2010,2010,LAL,Home,SAC,-2,3-pt FG,P. Gasol,Assisted,25,47.25,39,13,27,0.481,5,7,0.714,8,11,0.727,5,5,1,0,25.9
Baron Davis,1,12/27/2009,2009,LAC,Home,BOS,0,2-pt FG,R. Butler,Assisted,22,35.9,24,7,11,0.636,1,3,0.333,9,9,1,3,13,3,0,24.1
Kobe Bryant  ,7,12/16/2009,2009,LAL,Away,MIL,-1,2-pt FG,unassisted,Unassisted,15,49.98333333,39,13,28,0.464,1,3,0.333,12,12,1,7,4,0,0,20.9
Kobe Bryant  ,6,12/4/2009,2009,LAL,Home,MIA,-2,3-pt FG,unassisted,Unassisted,27,42.3,33,12,25,0.48,2,3,0.667,7,8,0.875,7,3,3,0,24.3
Kevin Garnett  ,5,11/22/2009,2009,BOS,Away,NYK,0,2-pt FG,P. Pierce,Assisted,19,32.35,10,4,15,0.267,0,0,,2,2,1,7,1,0,0,0.1
Dirk Nowitzki  ,2,11/16/2009,2009,DAL,Away,MIL,0,2-pt FG,J. Kidd,Assisted,18,42.93333333,32,12,25,0.48,1,2,0.5,7,8,0.875,11,3,2,1,26.2
Damien Wilkins,1,10/28/2009,2009,MIN,Home,NJN,0,2-pt FG,unassisted,Unassisted,9,25.73333333,12,4,10,0.4,0,0,,4,5,0.8,10,2,4,0,14
LeBron James  ,2,5/22/2009,2009,CLE,Home,ORL,-2,3-pt FG,M. Williams,Assisted,25,42.53333333,35,12,23,0.522,1,3,0.333,10,12,0.833,4,5,1,0,22.2
Glen Davis,1,5/10/2009,2009,BOS,Away,ORL,-1,2-pt FG,P. Pierce,Assisted,21,33.18333333,21,9,14,0.643,0,0,,3,8,0.375,6,0,0,0,10.8
Caron Butler  ,2,4/10/2009,2009,WAS,Away,TOR,0,2-pt FG,unassisted,Unassisted,20,42.96666667,21,10,19,0.526,0,2,0,1,1,1,5,7,0,0,14.7
Rasual Butler,1,3/31/2009,2009,NOH,Away,SAC,-2,3-pt FG,D. Brown,Assisted,25,44.36666667,18,7,16,0.438,4,7,0.571,0,0,,3,1,1,1,12.9
Andre Iguodala  ,3,3/17/2009,2009,PHI,Away,LAL,-2,3-pt FG,unassisted,Unassisted,25,45.88333333,25,9,21,0.429,1,7,0.143,6,7,0.857,2,2,2,1,16.2
Steve Novak,1,3/15/2009,2009,LAC,Home,NJN,-1,3-pt FG,B. Davis,Assisted,24,23.96666667,21,7,11,0.636,7,11,0.636,0,0,,3,0,1,0,16.6
Dwyane Wade  ,4,3/9/2009,2009,MIA,Home,CHI,0,3-pt FG,unassisted,Unassisted,24,49.85,48,15,21,0.714,5,6,0.833,13,18,0.722,6,12,4,3,49
Devin Harris  ,2,2/23/2009,2009,NJN,Home,PHI,-1,3-pt FG,unassisted,Unassisted,43,41.7,39,11,22,0.5,5,9,0.556,12,14,0.857,2,8,2,1,31.3
Caron Butler  ,1,2/8/2009,2009,WAS,Home,IND,0,2-pt FG,unassisted,Unassisted,18,40.3,35,12,24,0.5,2,4,0.5,9,10,0.9,13,3,1,0,27.8
LeBron James  ,1,1/23/2009,2009,CLE,Away,GSW,-1,2-pt FG,unassisted,Unassisted,19,40.65,32,10,24,0.417,2,5,0.4,10,16,0.625,9,8,3,2,27.5
Jeff Green  ,1,1/21/2009,2009,OKC,Away,GSW,-1,2-pt FG,R. Westbrook,Assisted,16,32.23333333,26,9,14,0.643,3,4,0.75,5,5,1,4,3,0,0,20.3
Chris Paul,1,1/19/2009,2009,NOH,Home,IND,0,3-pt FG,J. Posey,Assisted,28,38.96666667,27,8,15,0.533,1,2,0.5,10,12,0.833,5,9,1,0,20.7
Dirk Nowitzki  ,1,1/19/2009,2009,DAL,Away,PHI,0,2-pt FG,unassisted,Unassisted,17,40.05,24,7,23,0.304,0,2,0,10,10,1,6,0,1,0,8.7
Danny Granger,1,1/7/2009,2009,IND,Away,PHO,0,3-pt FG,M. Dunleavy,Assisted,27,37.95,37,13,27,0.481,5,11,0.455,6,7,0.857,5,6,4,1,30.1
Tony Parker  ,1,1/3/2009,2009,SAS,Home,PHI,0,2-pt FG,unassisted,Unassisted,15,38.3,15,7,17,0.412,1,2,0.5,0,0,,3,10,0,0,10.2
Vince Carter  ,4,1/2/2009,2009,NJN,Home,ATL,-1,3-pt FG,unassisted,Unassisted,33,42.11666667,18,6,18,0.333,5,7,0.714,1,2,0.5,4,4,0,2,8.2
Roger Mason,1,12/25/2008,2008,SAS,Away,PHO,-2,3-pt FG,T. Parker,Assisted,22,26.68333333,7,3,7,0.429,1,2,0.5,0,0,,4,0,0,0,4.1
Devin Harris  ,1,12/23/2008,2008,NJN,Away,IND,-1,2-pt FG,unassisted,Unassisted,22,40.66666667,29,9,16,0.563,0,1,0,11,12,0.917,5,11,2,0,29.6
Troy Murphy,1,12/2/2008,2008,IND,Home,LAL,-1,2-pt FG,unassisted,Unassisted,1,37.75,16,7,12,0.583,2,4,0.5,0,0,,17,3,2,0,18.4
Larry Hughes  ,2,11/24/2008,2008,CHI,Away,UTA,-1,2-pt FG,unassisted,Unassisted,22,29.46666667,16,5,10,0.5,2,3,0.667,4,4,1,5,0,1,0,12.9
Brandon Roy,1,11/6/2008,2008,POR,Home,HOU,-1,3-pt FG,S. Blake,Assisted,31,40.11666667,17,6,18,0.333,1,3,0.333,4,4,1,7,5,1,0,8
Rudy Gay  ,2,10/31/2008,2008,MEM,Home,ORL,0,2-pt FG,K. Lowry,Assisted,18,43.23333333,29,11,26,0.423,0,4,0,7,8,0.875,4,1,1,2,14.5
Ramon Sessions,1,4/2/2008,2008,MIL,Away,WAS,-1,2-pt FG,A. Bogut,Assisted,20,24,8,4,6,0.667,0,0,,0,0,,2,8,2,0,9
Michael Redd,1,2/26/2008,2008,MIL,Home,CLE,0,3-pt FG,unassisted,Unassisted,27,40.78333333,25,7,17,0.412,1,4,0.25,10,11,0.909,2,4,1,0,19.1
DeShawn Stevenson,1,2/25/2008,2008,WAS,Away,NOH,0,3-pt FG,unassisted,Unassisted,25,36.91666667,33,11,21,0.524,4,10,0.4,7,7,1,3,1,1,0,22.9
Leon Powe,1,2/8/2008,2008,BOS,Away,MIN,0,2-pt FG,unassisted,Unassisted,0,27.43333333,16,8,10,0.8,0,0,,0,0,,8,0,0,1,11.9
Peja Stojakovi?,1,2/6/2008,2008,NOH,Away,PHO,0,2-pt FG,unassisted,Unassisted,22,47.9,26,12,19,0.632,2,3,0.667,0,0,,6,0,1,0,20.7
Hedo Türko?lu,1,1/27/2008,2008,ORL,Home,BOS,0,3-pt FG,unassisted,Unassisted,25,39.56666667,27,8,18,0.444,3,7,0.429,8,9,0.889,6,3,0,1,18.6
Kevin Martin  ,2,1/27/2008,2008,SAC,Away,SEA,0,2-pt FG,unassisted,Unassisted,14,36.38333333,26,8,17,0.471,2,6,0.333,8,9,0.889,4,4,0,0,17.7
Rashard Lewis,1,1/21/2008,2008,ORL,Home,DET,0,2-pt FG,unassisted,Unassisted,12,38.56666667,16,7,16,0.438,2,6,0.333,0,0,,6,0,1,1,7.3
Jerry Stackhouse  ,4,1/12/2008,2008,DAL,Away,LAC,-2,3-pt FG,J. Terry,Assisted,26,27.91666667,13,4,12,0.333,2,6,0.333,3,3,1,1,2,1,0,6.5
Linas Kleiza,1,12/23/2007,2007,DEN,Away,SAC,-1,2-pt FG,unassisted,Unassisted,22,26.63333333,12,5,12,0.417,2,5,0.4,0,0,,9,3,0,2,11.4
Andre Iguodala  ,2,12/22/2007,2007,PHI,Away,MEM,0,2-pt FG,unassisted,Unassisted,20,37.41666667,23,9,21,0.429,1,3,0.333,4,6,0.667,2,1,3,0,14.2
Dwyane Wade  ,3,12/22/2007,2007,MIA,Home,UTA,0,2-pt FG,unassisted,Unassisted,20,35.58333333,20,6,14,0.429,0,0,,8,10,0.8,3,6,1,1,15
Rudy Gay  ,1,12/19/2007,2007,MEM,Home,SAS,0,3-pt FG,unassisted,Unassisted,27,44.31666667,23,10,22,0.455,1,3,0.333,2,3,0.667,9,3,1,2,14.2
Joe Johnson  ,1,12/6/2007,2007,ATL,Home,MIN,-1,2-pt FG,unassisted,Unassisted,22,46.95,21,8,21,0.381,1,5,0.2,4,5,0.8,9,4,2,0,13.4
Travis Outlaw,1,12/3/2007,2007,POR,Away,MEM,-1,2-pt FG,unassisted,Unassisted,6,30.16666667,21,8,13,0.615,3,3,1,2,2,1,7,2,0,2,20.4
Ray Allen  ,3,11/24/2007,2007,BOS,Away,CHA,-2,3-pt FG,P. Pierce,Assisted,29,41.45,14,4,15,0.267,1,6,0.167,5,5,1,4,5,0,0,8.2
Kevin Durant  ,1,11/16/2007,2007,SEA,Away,ATL,0,3-pt FG,E. Watson,Assisted,28,44.63333333,21,8,18,0.444,1,5,0.2,4,4,1,3,2,3,3,14.6
Kevin Garnett  ,4,3/25/2007,2007,MIN,Home,POR,-1,2-pt FG,T. Hassell,Assisted,15,34.9,22,10,19,0.526,0,0,,2,4,0.5,9,1,1,0,11.9
Gilbert Arenas  ,5,3/21/2007,2007,WAS,Away,SEA,0,2-pt FG,unassisted,Unassisted,0,38.23333333,42,13,24,0.542,6,12,0.5,10,12,0.833,4,7,2,1,34.4
Steve Francis,1,3/10/2007,2007,NYK,Away,WAS,-2,3-pt FG,unassisted,Unassisted,26,38.63333333,26,8,19,0.421,5,10,0.5,5,7,0.714,7,3,1,0,11.3
Desmond Mason,1,2/7/2007,2007,NOK,Away,DEN,0,2-pt FG,unassisted,Unassisted,5,35.63333333,23,10,14,0.714,0,0,,3,5,0.6,6,1,1,1,18.6
Tyronn Lue,1,2/4/2007,2007,ATL,Away,NJN,0,2-pt FG,unassisted,Unassisted,22,16.98333333,9,3,4,0.75,1,1,1,2,2,1,1,0,0,0,7.3
Vince Carter  ,3,1/29/2007,2007,NJN,Away,UTA,-2,3-pt FG,unassisted,Unassisted,35,29.21666667,33,10,15,0.667,3,4,0.75,10,13,0.769,3,3,1,0,26.7
Monta Ellis  ,1,1/24/2007,2007,GSW,Home,NJN,-1,2-pt FG,B. Davis,Assisted,17,39.06666667,20,8,14,0.571,0,4,0,4,5,0.8,2,6,2,0,15.8
Eddie Jones  ,2,1/24/2007,2007,MEM,Away,UTA,0,2-pt FG,unassisted,Unassisted,22,32.4,19,7,11,0.636,3,6,0.5,2,2,1,3,2,2,0,17.4
Gilbert Arenas  ,4,1/15/2007,2007,WAS,Home,UTA,0,3-pt FG,unassisted,Unassisted,25,41.31666667,51,14,29,0.483,7,12,0.583,16,17,0.941,3,5,1,0,39.5
Kevin Garnett  ,3,1/5/2007,2007,MIN,Home,PHI,0,2-pt FG,T. Hassell,Assisted,15,44.61666667,25,10,23,0.435,0,1,0,5,7,0.714,14,5,1,1,17.9
Gilbert Arenas  ,3,1/3/2007,2007,WAS,Home,MIL,0,3-pt FG,unassisted,Unassisted,32,43.91666667,32,12,25,0.48,4,9,0.444,4,5,0.8,11,8,4,0,28
T.J. Ford,1,12/20/2006,2006,TOR,Away,LAC,0,2-pt FG,unassisted,Unassisted,12,29.18333333,14,4,12,0.333,0,0,,6,6,1,0,9,2,0,12.9
David Lee,1,12/20/2006,2006,NYK,Home,CHA,0,2-pt FG,J. Crawford,Assisted,0,49.06666667,10,4,8,0.5,0,0,,2,2,1,19,3,0,0,8.4
Stephon Marbury  ,2,12/18/2006,2006,NYK,Home,UTA,-1,2-pt FG,unassisted,Unassisted,0,45.1,29,9,20,0.45,2,6,0.333,9,13,0.692,5,8,1,0,21.5
Paul Pierce  ,5,12/9/2006,2006,BOS,Away,NJN,0,2-pt FG,unassisted,Unassisted,22,38.01666667,17,4,18,0.222,0,3,0,9,10,0.9,6,4,0,1,7.5
James Posey  ,2,12/2/2006,2006,MIA,Away,MEM,-2,3-pt FG,J. Williams,Assisted,26,27.26666667,6,2,4,0.5,2,4,0.5,0,0,,5,0,3,1,7.4
Luke Ridnour  ,1,12/1/2006,2006,SEA,Home,IND,0,2-pt FG,unassisted,Unassisted,3,31.96666667,17,8,16,0.5,1,3,0.333,0,2,0,3,6,1,0,10.5
Delonte West,1,11/8/2006,2006,BOS,Home,CHA,0,2-pt FG,P. Pierce,Assisted,22,24.33333333,7,3,10,0.3,1,3,0.333,0,0,,1,4,1,0,2.9
Kobe Bryant  ,5,4/30/2006,2006,LAL,Home,PHO,-1,2-pt FG,unassisted,Unassisted,17,38.5,24,9,14,0.643,0,1,0,6,8,0.75,4,8,0,0,15.2
Kevin Martin  ,1,4/28/2006,2006,SAC,Home,SAS,-1,2-pt FG,M. Bibby,Assisted,0,27.86666667,10,3,7,0.429,0,2,0,4,4,1,6,0,1,0,8.7
Josh Childress,1,4/5/2006,2006,ATL,Home,MIN,0,2-pt FG,Z. Pachulia,Assisted,0,34.31666667,10,3,7,0.429,0,1,0,4,7,0.571,8,0,1,2,7.5
Jason Richardson,1,3/23/2006,2006,GSW,Away,DAL,-2,3-pt FG,unassisted,Unassisted,24,40.78333333,40,14,23,0.609,5,10,0.5,7,8,0.875,3,4,3,1,35.5
Damon Jones,1,3/8/2006,2006,CLE,Away,TOR,-2,3-pt FG,L. James,Assisted,23,20.41666667,8,3,7,0.429,2,6,0.333,0,0,,3,3,0,0,6.1
Paul Pierce  ,4,3/7/2006,2006,BOS,Away,WAS,-1,2-pt FG,unassisted,Unassisted,18,42.6,31,8,20,0.4,3,7,0.429,12,14,0.857,5,4,1,0,16.5
Pau Gasol  ,2,2/13/2006,2006,MEM,Away,GSW,0,2-pt FG,unassisted,Unassisted,4,40.9,23,10,26,0.385,0,0,,3,6,0.5,13,6,0,2,16.3
David West,1,2/13/2006,2006,NOK,Home,WAS,-1,2-pt FG,D. Mason,Assisted,21,39.81666667,19,7,14,0.5,0,0,,5,5,1,9,2,1,0,14.1
Andre Iguodala  ,1,1/22/2006,2006,PHI,Away,MIN,0,2-pt FG,unassisted,Unassisted,10,39.18333333,14,6,11,0.545,0,0,,2,3,0.667,8,1,0,0,9.8
Ray Allen  ,2,1/22/2006,2006,SEA,Away,PHO,0,3-pt FG,unassisted,Unassisted,35,51.06666667,42,14,28,0.5,8,16,0.5,6,7,0.857,6,3,2,1,31.6
Ben Gordon,1,1/18/2006,2006,CHI,Home,NYK,0,2-pt FG,unassisted,Unassisted,22,45.68333333,32,14,28,0.5,1,5,0.2,3,3,1,2,2,2,0,18.4
Andrew Bogut  ,1,12/20/2005,2005,MIL,Home,SAS,0,2-pt FG,T. Kuko?,Assisted,8,28.08333333,19,8,14,0.571,0,0,,3,6,0.5,9,0,1,2,16.9
Bonzi Wells,1,12/13/2005,2005,SAC,Away,MIN,-1,3-pt FG,B. Miller,Assisted,24,41.4,20,8,16,0.5,2,2,1,2,3,0.667,7,4,1,1,17.2
Mo Williams  ,2,12/2/2005,2005,MIL,Away,WAS,0,3-pt FG,unassisted,Unassisted,27,34.78333333,35,15,21,0.714,5,7,0.714,0,0,,3,6,0,0,30.4
Jason Terry  ,2,11/28/2005,2005,DAL,Away,TOR,0,2-pt FG,M. Daniels,Assisted,9,41.31666667,26,11,18,0.611,4,6,0.667,0,2,0,1,6,3,1,24.4
Nate Robinson,1,11/26/2005,2005,NYK,Home,PHI,0,3-pt FG,S. Marbury,Assisted,23,32.8,17,7,19,0.368,2,6,0.333,1,1,1,6,1,2,0,6.8
Pau Gasol  ,1,11/12/2005,2005,MEM,Away,ATL,-1,2-pt FG,unassisted,Unassisted,0,38.2,20,6,12,0.5,0,0,,8,10,0.8,9,2,0,4,15.7
Mo Williams  ,1,11/12/2005,2005,MIL,Home,IND,-2,3-pt FG,B. Simmons,Assisted,29,24.95,19,7,11,0.636,3,4,0.75,2,2,1,2,1,1,0,11.2
Ricky Davis,1,11/9/2005,2005,BOS,Home,MEM,-1,2-pt FG,P. Pierce,Assisted,15,42.13333333,18,6,10,0.6,1,1,1,5,6,0.833,5,3,2,0,16
Richard Hamilton,1,11/4/2005,2005,DET,Away,BOS,-1,2-pt FG,T. Prince,Assisted,17,40.16666667,26,11,19,0.579,0,0,,4,4,1,4,1,2,0,13.4
Gilbert Arenas  ,2,5/4/2005,2005,WAS,Away,CHI,0,2-pt FG,unassisted,Unassisted,14,48,16,5,14,0.357,0,6,0,6,9,0.667,6,8,1,0,10.6
Mike Miller,1,4/18/2005,2005,MEM,Home,SAS,0,2-pt FG,J. Williams,Assisted,22,33.6,28,12,21,0.571,4,8,0.5,0,3,0,9,2,0,0,21
Mike Sweetney,1,4/10/2005,2005,NYK,Away,IND,-1,2-pt FG,unassisted,Unassisted,1,36.73333333,20,8,15,0.533,0,0,,4,9,0.444,9,1,0,0,13.9
Derek Fisher  ,2,3/25/2005,2005,GSW,Home,MIL,-2,3-pt FG,J. Richardson,Assisted,28,16.16666667,5,2,6,0.333,1,3,0.333,0,0,,3,3,0,0,3
Dwyane Wade  ,2,3/15/2005,2005,MIA,Away,NYK,0,2-pt FG,unassisted,Unassisted,18,38.28333333,24,8,15,0.533,1,1,1,7,8,0.875,3,5,1,1,16.8
Mike Bibby  ,2,3/8/2005,2005,SAC,Home,MEM,0,3-pt FG,P. Stojakovi?,Assisted,33,44.75,26,9,22,0.409,2,4,0.5,6,6,1,3,5,2,0,19.4
Tim Duncan  ,3,2/28/2005,2005,SAS,Away,CLE,0,2-pt FG,T. Parker,Assisted,19,31.88333333,20,9,17,0.529,0,0,,2,4,0.5,11,3,0,1,12.2
Nick Van Exel  ,2,2/14/2005,2005,POR,Away,CHA,0,3-pt FG,D. Anderson,Assisted,29,36.88333333,9,4,11,0.364,1,4,0.25,0,0,,5,3,1,0,4.9
Tim Thomas  ,2,2/13/2005,2005,NYK,Home,CHA,0,3-pt FG,K. Thomas,Assisted,23,33.48333333,7,3,6,0.5,1,3,0.333,0,0,,5,4,0,0,3.5
Scott Padgett,1,1/21/2005,2005,HOU,Away,NYK,-1,2-pt FG,unassisted,Unassisted,6,20.2,12,4,8,0.5,2,2,1,2,2,1,4,1,0,0,7.1
Mehmet Okur,1,1/10/2005,2005,UTA,Home,SAS,-1,2-pt FG,unassisted,Unassisted,0,36.8,23,7,11,0.636,0,1,0,9,10,0.9,11,2,0,1,24.1
Quentin Richardson,1,12/20/2004,2004,PHO,Away,DEN,0,2-pt FG,unassisted,Unassisted,0,42.25,19,7,13,0.538,2,6,0.333,3,4,0.75,7,1,3,1,18.2
Chris Webber  ,2,12/14/2004,2004,SAC,Away,MIL,0,3-pt FG,M. Bibby,Assisted,26,36.51666667,23,11,24,0.458,1,1,1,0,0,,6,4,1,1,12.7
Shareef Abdur-Rahim  ,2,12/9/2004,2004,POR,Home,BOS,-1,3-pt FG,D. Anderson,Assisted,25,39.45,15,6,16,0.375,1,2,0.5,2,2,1,14,1,2,0,11.5
Dwyane Wade  ,1,11/19/2004,2004,MIA,Home,UTA,0,2-pt FG,unassisted,Unassisted,20,46.88333333,39,12,22,0.545,0,0,,15,21,0.714,4,8,3,2,30.6
Jamal Crawford  ,1,11/18/2004,2004,NYK,Away,HOU,-2,3-pt FG,A. Hardaway,Assisted,26,39.68333333,19,7,18,0.389,5,11,0.455,0,0,,5,8,2,0,17.9
Allen Iverson,1,11/12/2004,2004,PHI,Home,IND,0,2-pt FG,unassisted,Unassisted,14,43.7,15,5,23,0.217,0,3,0,5,6,0.833,5,9,2,0,2.9
Paul Pierce  ,3,11/10/2004,2004,BOS,Home,POR,0,2-pt FG,unassisted,Unassisted,21,40.48333333,20,6,13,0.462,2,4,0.5,6,9,0.667,6,2,1,0,12.3
Derek Fisher  ,1,5/13/2004,2004,LAL,Away,SAS,-1,2-pt FG,G. Payton,Assisted,16,24.3,8,3,7,0.429,1,2,0.5,1,2,0.5,2,2,1,0,6.5
Kobe Bryant  ,4,4/14/2004,2004,LAL,Away,POR,-2,3-pt FG,G. Payton,Assisted,26,53.46666667,37,14,31,0.452,4,10,0.4,5,9,0.556,8,5,1,1,23.3
Chris Wilcox,1,4/13/2004,2004,LAC,Away,PHO,0,2-pt FG,unassisted,Unassisted,0,24.45,24,11,15,0.733,0,0,,2,3,0.667,13,1,1,2,23.7
Gilbert Arenas  ,1,4/9/2004,2004,WAS,Away,PHI,0,3-pt FG,unassisted,Unassisted,27,43.33333333,22,7,19,0.368,5,11,0.455,3,4,0.75,2,9,2,0,15.2
Carlos Arroyo,1,3/27/2004,2004,UTA,Home,DEN,0,2-pt FG,R. Bell,Assisted,15,38.63333333,19,9,18,0.5,1,2,0.5,0,0,,6,10,0,1,15.5
Jamaal Magloire,1,3/23/2004,2004,NOH,Home,DET,-1,2-pt FG,unassisted,Unassisted,11,35.03333333,17,6,10,0.6,0,0,,5,6,0.833,13,2,0,2,18.5
Jamal Mashburn,1,3/3/2004,2004,NOH,Home,CHI,0,3-pt FG,unassisted,Unassisted,25,45.85,27,9,26,0.346,3,5,0.6,6,10,0.6,7,2,1,0,13.9
Jim Jackson,1,2/6/2004,2004,HOU,Home,CHI,0,2-pt FG,C. Mobley,Assisted,22,42.16666667,14,5,15,0.333,1,3,0.333,3,3,1,10,4,1,0,8.7
Antoine Walker  ,3,1/27/2004,2004,DAL,Away,SEA,0,2-pt FG,M. Finley,Assisted,21,39.45,17,8,14,0.571,0,5,0,1,2,0.5,8,7,0,0,14.5
Kobe Bryant  ,3,12/19/2003,2003,LAL,Home,DEN,0,2-pt FG,D. George,Assisted,21,30.83333333,13,5,14,0.357,0,2,0,3,4,0.75,3,5,0,0,5.2
Glen Rice  ,3,12/10/2003,2003,LAC,Home,DAL,-1,2-pt FG,unassisted,Unassisted,15,19.65,6,3,9,0.333,0,4,0,0,0,,6,1,1,0,4.8
Kevin Garnett  ,2,12/7/2003,2003,MIN,Away,LAC,0,2-pt FG,unassisted,Unassisted,21,38.78333333,24,9,17,0.529,0,0,,6,6,1,8,5,3,4,22.6
Ronald Murray,1,11/11/2003,2003,SEA,Away,MIN,0,2-pt FG,unassisted,Unassisted,13,35.18333333,29,9,18,0.5,0,2,0,11,12,0.917,6,8,1,0,27.2
Stephon Marbury  ,1,4/19/2003,2003,PHO,Away,SAS,-2,3-pt FG,unassisted,Unassisted,25,53,26,9,28,0.321,1,4,0.25,7,8,0.875,2,6,2,0,12.4
Kobe Bryant  ,2,4/4/2003,2003,LAL,Away,MEM,-1,2-pt FG,unassisted,Unassisted,21,40.15,21,7,15,0.467,3,5,0.6,4,4,1,7,6,1,0,14.4
Shareef Abdur-Rahim  ,1,4/3/2003,2003,ATL,Home,WAS,0,2-pt FG,A. Henderson,Assisted,17,42.83333333,24,9,18,0.5,0,2,0,6,6,1,7,4,0,0,16.1
Chauncey Billups,1,3/9/2003,2003,DET,Home,GSW,-1,3-pt FG,unassisted,Unassisted,28,43.66666667,31,11,15,0.733,1,4,0.25,8,9,0.889,2,8,1,0,29.1
Robert Horry  ,3,3/5/2003,2003,LAL,Home,IND,0,2-pt FG,unassisted,Unassisted,23,34.75,8,3,9,0.333,2,6,0.333,0,0,,4,6,1,0,6.9
Andrei Kirilenko,1,3/2/2003,2003,UTA,Away,NJN,-1,2-pt FG,unassisted,Unassisted,0,28.1,15,6,11,0.545,0,1,0,3,4,0.75,6,2,4,2,17.3
Wally Szczerbiak,1,2/11/2003,2003,MIN,Home,DAL,0,2-pt FG,A. Peeler,Assisted,17,35.73333333,21,8,11,0.727,3,4,0.75,2,2,1,8,3,1,1,18.9
Tim Duncan  ,2,1/24/2003,2003,SAS,Away,UTA,-1,2-pt FG,unassisted,Unassisted,16,42.26666667,29,9,20,0.45,0,0,,11,17,0.647,17,6,1,3,23.8
Jermaine O'Neal,1,1/18/2003,2003,IND,Home,DET,0,2-pt FG,E. Strickland,Assisted,19,42.18333333,17,8,18,0.444,0,0,,1,6,0.167,9,1,1,3,7.7
Jason Terry  ,1,12/27/2002,2002,ATL,Home,SAS,0,2-pt FG,unassisted,Unassisted,15,40,15,6,14,0.429,3,5,0.6,0,0,,2,7,2,0,12.3
Rasheed Wallace  ,2,12/20/2002,2002,POR,Away,GSW,0,2-pt FG,S. Pippen,Assisted,16,29.13333333,16,6,15,0.4,0,2,0,4,4,1,4,3,0,2,11.2
Robert Traylor,1,12/20/2002,2002,NOH,Away,SEA,0,2-pt FG,unassisted,Unassisted,0,7.016666667,2,1,4,0.25,0,0,,0,2,0,4,0,0,0,0.4
Ryan Bowen,1,11/23/2002,2002,DEN,Away,PHO,-1,2-pt FG,D. Harvey,Assisted,0,18.13333333,4,2,2,1,0,0,,0,0,,2,0,1,1,4.3
James Posey  ,1,11/22/2002,2002,DEN,Home,LAC,0,2-pt FG,D. Harvey,Assisted,17,40.5,16,6,19,0.316,1,3,0.333,3,4,0.75,7,3,0,1,7.8
David Wesley,1,11/19/2002,2002,NOH,Home,PHI,-1,2-pt FG,unassisted,Unassisted,8,38.31666667,6,3,10,0.3,0,4,0,0,0,,2,1,0,0,-0.7
Jerry Stackhouse  ,3,11/8/2002,2002,WAS,Home,LAL,-1,2-pt FG,B. Russell,Assisted,2,38.3,29,9,23,0.391,0,1,0,11,11,1,6,1,0,0,16
Tim Duncan  ,1,11/4/2002,2002,SAS,Away,MEM,0,2-pt FG,S. Kerr,Assisted,13,49.36666667,29,14,27,0.519,0,0,,1,2,0.5,14,5,2,2,22.8
Robert Horry  ,2,5/26/2002,2002,LAL,Home,SAC,-2,3-pt FG,unassisted,Unassisted,25,44.21666667,18,5,7,0.714,3,5,0.6,5,6,0.833,14,5,1,1,23.1
Jeff McInnis,1,3/29/2002,2002,LAC,Away,PHO,0,2-pt FG,unassisted,Unassisted,20,30,20,7,13,0.538,3,4,0.75,3,4,0.75,6,7,1,0,20.4
Lamond Murray,1,3/19/2002,2002,CLE,Home,NJN,0,3-pt FG,A. Miller,Assisted,24,28.73333333,17,7,15,0.467,1,4,0.25,2,2,1,6,1,1,1,12.9
Jalen Rose,1,3/16/2002,2002,CHI,Away,HOU,0,2-pt FG,unassisted,Unassisted,15,56.26666667,44,18,34,0.529,3,4,0.75,5,5,1,11,6,2,1,37
Jon Barry,1,3/7/2002,2002,DET,Away,WAS,0,3-pt FG,D. Jones,Assisted,24,26.33333333,13,4,4,1,2,2,1,3,3,1,4,5,2,0,15.1
Eddie Jones  ,1,3/5/2002,2002,MIA,Away,DET,0,2-pt FG,unassisted,Unassisted,15,41.71666667,24,10,18,0.556,3,5,0.6,1,1,1,3,1,1,0,16.4
Kobe Bryant  ,1,2/22/2002,2002,LAL,Away,CHH,0,2-pt FG,unassisted,Unassisted,18,43.96666667,21,8,19,0.421,0,3,0,5,6,0.833,9,6,3,1,16.5
Lee Nailon,1,2/1/2002,2002,CHH,Away,HOU,-1,2-pt FG,E. Campbell,Assisted,20,38.23333333,16,8,18,0.444,0,0,,0,0,,2,1,1,1,7.4
Michael Jordan  ,9,1/31/2002,2002,WAS,Away,CLE,-1,2-pt FG,P. Jones,Assisted,15,39.58333333,26,11,27,0.407,0,1,0,4,4,1,5,8,1,0,16
Moochie Norris  ,3,1/8/2002,2002,HOU,Home,NYK,-1,3-pt FG,S. Francis,Assisted,23,25.2,13,5,7,0.714,2,2,1,1,2,0.5,4,4,0,0,11.7
Anfernee Hardaway  ,2,12/9/2001,2001,PHO,Away,TOR,-1,2-pt FG,R. Rogers,Assisted,0,40,27,11,24,0.458,1,2,0.5,4,4,1,3,3,2,0,18.2
Paul Pierce  ,2,11/27/2001,2001,BOS,Away,MIA,-1,2-pt FG,unassisted,Unassisted,0,30.86666667,33,13,23,0.565,2,4,0.5,5,6,0.833,4,1,3,2,19.8
Moochie Norris  ,2,11/4/2001,2001,HOU,Away,PHO,0,3-pt FG,S. Francis,Assisted,25,18.81666667,9,4,5,0.8,1,1,1,0,0,,3,6,1,0,12.2
Shammond Williams,1,3/1/2001,2001,SEA,Away,CLE,0,2-pt FG,D. Mason,Assisted,20,40.25,19,6,17,0.353,3,8,0.375,4,4,1,7,5,0,0,13.7
Antonio McDyess  ,1,1/27/2001,2001,DEN,Home,DAL,0,2-pt FG,unassisted,Unassisted,0,41.36666667,11,5,13,0.385,0,0,,1,2,0.5,19,2,1,4,11.8
Howard Eisley,1,1/17/2001,2001,DAL,Away,CHH,-2,3-pt FG,D. Nowitzki,Assisted,24,41.55,23,7,15,0.467,2,3,0.667,7,7,1,3,8,1,0,21.8
Elton Brand,1,1/4/2001,2001,CHI,Home,WAS,0,2-pt FG,B. Drew,Assisted,19,42.11666667,30,12,17,0.706,0,0,,6,8,0.75,9,8,1,4,31.2
Vin Baker,1,12/30/2000,2000,SEA,Home,CHH,0,2-pt FG,B. Barry,Assisted,19,27.7,15,7,14,0.5,0,0,,1,4,0.25,6,4,0,2,10.4
Milt Palacio,1,12/28/2000,2000,BOS,Away,NJN,-2,3-pt FG,unassisted,Unassisted,30,17.08333333,3,1,1,1,1,1,1,0,0,,0,1,2,0,4
Ray Allen  ,1,12/21/2000,2000,MIL,Home,NJN,0,2-pt FG,unassisted,Unassisted,15,39.5,16,5,16,0.313,0,4,0,6,7,0.857,9,4,5,0,13.7
Moochie Norris  ,1,12/14/2000,2000,HOU,Away,GSW,0,3-pt FG,C. Mobley,Assisted,35,19.21666667,6,1,3,0.333,1,1,1,3,4,0.75,2,4,0,0,6.9
Paul Pierce  ,1,12/10/2000,2000,BOS,Home,DEN,0,2-pt FG,M. Palacio,Assisted,18,43.08333333,28,7,14,0.5,1,3,0.333,13,16,0.813,7,5,1,1,21.5
Sam Cassell  ,2,11/28/2000,2000,MIL,Away,MIA,-2,3-pt FG,G. Robinson,Assisted,26,38.43333333,15,6,17,0.353,1,2,0.5,2,2,1,5,5,0,0,7.5
Michael Finley  ,3,11/10/2000,2000,DAL,Home,SAS,0,2-pt FG,unassisted,Unassisted,22,42.18333333,20,10,20,0.5,0,2,0,0,0,,6,4,1,0,10.2
Kevin Garnett  ,1,4/10/2000,2000,MIN,Home,DET,0,2-pt FG,S. Mitchell,Assisted,12,39.13333333,25,6,14,0.429,0,0,,13,15,0.867,9,4,1,1,23
Elden Campbell  ,2,4/10/2000,2000,CHH,Away,WAS,0,2-pt FG,A. Mason,Assisted,19,33.26666667,15,4,12,0.333,0,1,0,7,13,0.538,7,1,0,4,8.6
Tim Hardaway  ,2,4/9/2000,2000,MIA,Home,NYK,-2,3-pt FG,unassisted,Unassisted,25,39.46666667,16,6,21,0.286,2,9,0.222,2,2,1,7,10,2,0,13.2
Mike Bibby  ,1,4/4/2000,2000,VAN,Home,HOU,0,2-pt FG,unassisted,Unassisted,0,41.35,27,11,20,0.55,2,4,0.5,3,4,0.75,4,10,2,0,24.4
Charles Oakley,1,3/28/2000,2000,TOR,Away,CLE,0,3-pt FG,V. Carter,Assisted,24,24.8,7,3,8,0.375,1,1,1,0,0,,8,2,2,4,8
Erick Strickland,1,3/21/2000,2000,DAL,Home,SAS,-1,2-pt FG,unassisted,Unassisted,0,39.71666667,14,7,14,0.5,0,2,0,0,0,,2,2,1,0,9.6
Vince Carter  ,2,3/8/2000,2000,TOR,Away,LAC,-2,3-pt FG,T. McGrady,Assisted,31,39.93333333,23,9,21,0.429,2,4,0.5,3,6,0.5,5,5,1,0,14.3
Pat Garrity,1,3/6/2000,2000,ORL,Away,WAS,0,2-pt FG,unassisted,Unassisted,19,15.26666667,5,2,6,0.333,1,3,0.333,0,0,,1,1,1,0,2.4
Keith Van Horn  ,2,3/2/2000,2000,NJN,Away,DAL,-1,2-pt FG,unassisted,Unassisted,16,33.58333333,23,10,16,0.625,2,4,0.5,1,2,0.5,11,1,1,1,19.1
Vince Carter  ,1,3/1/2000,2000,TOR,Away,BOS,-1,3-pt FG,unassisted,Unassisted,23,40.91666667,28,11,23,0.478,3,4,0.75,3,4,0.75,5,4,0,0,16.4
Larry Hughes  ,1,2/9/2000,2000,PHI,Home,NJN,0,2-pt FG,unassisted,Unassisted,0,15.45,4,2,8,0.25,0,1,0,0,0,,5,0,0,0,1.5
Glenn Robinson,1,2/3/2000,2000,MIL,Away,UTA,0,3-pt FG,V. Del Negro,Assisted,26,38.06666667,30,11,21,0.524,4,4,1,4,4,1,3,2,0,0,19.8
Tim Thomas  ,1,1/29/2000,2000,MIL,Away,SEA,0,2-pt FG,V. Del Negro,Assisted,15,31.7,16,6,14,0.429,1,3,0.333,3,3,1,3,1,0,0,9.4
Michael Dickerson,1,1/27/2000,2000,VAN,Home,NJN,0,2-pt FG,D. Scott,Assisted,16,41,29,8,19,0.421,2,5,0.4,11,12,0.917,3,3,2,1,21.4
Chuck Person  ,4,1/26/2000,2000,SEA,Home,NJN,0,3-pt FG,E. Davis,Assisted,29,3.1,3,1,1,1,1,1,1,0,0,,1,1,0,0,3.7
Malik Sealy  ,2,1/17/2000,2000,MIN,Home,IND,-2,3-pt FG,S. Mitchell,Assisted,25,41.18333333,16,7,16,0.438,1,1,1,1,1,1,7,4,0,1,12.8
Terry Mills  ,2,12/30/1999,1999,DET,Home,ATL,-2,3-pt FG,G. Hill,Assisted,23,30.61666667,17,6,9,0.667,5,7,0.714,0,0,,3,2,0,2,15.2
Malik Sealy  ,1,12/27/1999,1999,MIN,Away,ORL,0,2-pt FG,unassisted,Unassisted,0,27,11,5,9,0.556,0,0,,1,2,0.5,5,1,1,0,7.5
Eric Snow,1,12/20/1999,1999,PHI,Home,DET,-1,2-pt FG,A. McKie,Assisted,16,41.03333333,10,5,12,0.417,0,0,,0,0,,5,12,3,0,12.5
Aaron McKie,1,12/3/1999,1999,PHI,Away,CLE,0,2-pt FG,unassisted,Unassisted,12,48,25,10,17,0.588,1,3,0.333,4,4,1,6,7,2,0,22
Hersey Hawkins  ,2,4/15/1999,1999,SEA,Away,SAC,-2,3-pt FG,G. Payton,Assisted,24,41.81666667,15,5,15,0.333,1,4,0.25,4,4,1,7,3,3,0,10.9
Lindsey Hunter,1,4/9/1999,1999,DET,Away,IND,-2,3-pt FG,G. Hill,Assisted,27,34.53333333,17,7,13,0.538,3,5,0.6,0,0,,3,2,3,0,14.2
Jerry Stackhouse  ,2,3/21/1999,1999,DET,Home,UTA,0,3-pt FG,G. Hill,Assisted,27,41.78333333,32,9,17,0.529,3,4,0.75,11,17,0.647,4,4,3,0,26.3
Darrell Armstrong,1,3/15/1999,1999,ORL,Home,PHI,-1,2-pt FG,unassisted,Unassisted,0,36.48333333,14,5,17,0.294,1,5,0.2,3,3,1,3,6,4,0,9.8
Sean Elliott  ,2,3/12/1999,1999,SAS,Away,PHO,0,2-pt FG,unassisted,Unassisted,21,38.96666667,16,7,12,0.583,1,2,0.5,1,2,0.5,4,3,3,2,16.1
Keith Van Horn  ,1,3/1/1999,1999,NJN,Away,BOS,0,2-pt FG,unassisted,Unassisted,8,37.31666667,20,9,23,0.391,0,3,0,2,4,0.5,11,4,3,1,13.5
Randy Brown,1,2/28/1999,1999,CHI,Away,TOR,0,2-pt FG,B. Barry,Assisted,19,41.38333333,17,7,12,0.583,0,0,,3,3,1,9,3,0,0,13.4
Tom Hammonds,1,4/18/1998,1998,MIN,Away,MIL,0,2-pt FG,unassisted,Unassisted,18,30.53333333,17,5,11,0.455,0,0,,7,7,1,7,1,1,1,10.8
Antoine Walker  ,2,4/3/1998,1998,BOS,Away,DET,-1,2-pt FG,unassisted,Unassisted,19,42.23333333,31,13,23,0.565,1,2,0.5,4,7,0.571,12,5,2,0,26
Voshon Lenard  ,2,3/15/1998,1998,MIA,Away,ORL,0,3-pt FG,B. Barry,Assisted,26,23.71666667,15,5,11,0.455,2,4,0.5,3,4,0.75,1,0,2,0,8.8
David Robinson  ,2,3/10/1998,1998,SAS,Home,NJN,-1,2-pt FG,C. Person,Assisted,0,34.68333333,19,7,14,0.5,0,0,,5,8,0.625,16,2,2,6,20.6
Michael Jordan  ,8,2/13/1998,1998,CHI,Home,ATL,0,2-pt FG,unassisted,Unassisted,15,36.05,37,14,22,0.636,0,1,0,9,12,0.75,7,1,1,0,29
Michael Finley  ,2,2/13/1998,1998,DAL,Away,IND,0,3-pt FG,D. Scott,Assisted,27,56.88333333,32,13,36,0.361,3,6,0.5,3,5,0.6,8,6,4,2,17.6
Antoine Walker  ,1,1/28/1998,1998,BOS,Home,WAS,0,2-pt FG,C. Billups,Assisted,17,37.46666667,18,5,13,0.385,0,3,0,8,9,0.889,7,3,1,0,11.9
Kenny Anderson  ,2,1/20/1998,1998,POR,Away,CLE,0,2-pt FG,unassisted,Unassisted,20,42.93333333,10,4,12,0.333,2,3,0.667,0,0,,1,9,1,0,6
Glen Rice  ,2,12/22/1997,1997,CHH,Home,TOR,0,2-pt FG,unassisted,Unassisted,0,44.26666667,16,7,16,0.438,1,2,0.5,1,2,0.5,6,1,2,0,9.9
Chris Webber  ,1,12/20/1997,1997,WAS,Away,TOR,0,2-pt FG,unassisted,Unassisted,0,42.96666667,28,13,23,0.565,0,1,0,2,5,0.4,12,2,3,1,18.4
Reggie Miller  ,2,12/7/1997,1997,IND,Away,PHO,0,2-pt FG,unassisted,Unassisted,13,40.93333333,19,8,20,0.4,2,5,0.4,1,3,0.333,4,3,1,0,8.5
Rasheed Wallace  ,1,11/24/1997,1997,POR,Away,TOR,-1,2-pt FG,unassisted,Unassisted,0,41.8,16,6,13,0.462,0,0,,4,4,1,5,3,1,3,12.4
David Robinson  ,1,11/11/1997,1997,SAS,Away,MIN,-1,2-pt FG,unassisted,Unassisted,0,35.78333333,36,12,24,0.5,0,0,,12,15,0.8,16,6,0,1,32.1
Tim Hardaway  ,1,11/1/1997,1997,MIA,Away,WAS,-1,2-pt FG,unassisted,Unassisted,12,39.61666667,26,10,22,0.455,2,5,0.4,4,5,0.8,3,11,2,0,20.2
Michael Jordan  ,7,6/1/1997,1997,CHI,Home,UTA,0,2-pt FG,unassisted,Unassisted,19,40.86666667,31,13,27,0.481,0,0,,5,7,0.714,4,8,0,1,23.2
John Stockton  ,4,5/29/1997,1997,UTA,Away,HOU,0,3-pt FG,B. Russell,Assisted,25,37.85,25,8,15,0.533,3,6,0.5,6,6,1,2,13,2,0,25
Eddie Johnson  ,2,5/25/1997,1997,HOU,Home,UTA,0,3-pt FG,M. Maloney,Assisted,27,24.06666667,7,2,5,0.4,2,3,0.667,1,1,1,2,0,0,0,4.9
Shaquille O'Neal,1,4/13/1997,1997,LAL,Home,UTA,0,2-pt FG,unassisted,Unassisted,10,41.06666667,39,14,29,0.483,0,0,,11,18,0.611,13,2,1,2,29.4
Matt Geiger,1,4/5/1997,1997,CHH,Home,PHI,0,2-pt FG,unassisted,Unassisted,0,33.86666667,15,6,11,0.545,0,0,,3,6,0.5,13,2,1,1,17.5
Wayman Tisdale,1,3/2/1997,1997,PHO,Away,DAL,-1,2-pt FG,J. Kidd,Assisted,0,18.78333333,8,4,9,0.444,0,0,,0,0,,3,0,0,2,3.4
John Starks,1,2/18/1997,1997,NYK,Home,PHO,-2,3-pt FG,unassisted,Unassisted,23,26.48333333,15,6,11,0.545,3,7,0.429,0,0,,3,3,0,0,10.3
Michael Jordan  ,6,2/11/1997,1997,CHI,Home,CHH,0,3-pt FG,S. Pippen,Assisted,24,41.85,43,16,24,0.667,1,2,0.5,10,14,0.714,5,4,3,0,32.5
Jerry Stackhouse  ,1,1/29/1997,1997,PHI,Home,TOR,0,2-pt FG,A. Iverson,Assisted,16,42.73333333,11,3,10,0.3,0,2,0,5,5,1,2,2,1,0,2.4
Elliot Perry,1,1/25/1997,1997,MIL,Away,IND,0,2-pt FG,unassisted,Unassisted,11,28.46666667,19,7,11,0.636,1,3,0.333,4,4,1,4,3,1,1,16.3
Reggie Miller  ,1,12/13/1996,1996,IND,Home,BOS,0,3-pt FG,V. Askew,Assisted,24,37.23333333,25,9,13,0.692,3,5,0.6,4,4,1,4,2,0,1,19.6
Rick Fox,1,12/11/1996,1996,BOS,Home,TOR,-1,3-pt FG,D. Radja,Assisted,23,45.55,24,10,17,0.588,1,2,0.5,3,4,0.75,7,5,2,2,22.9
Voshon Lenard  ,1,12/10/1996,1996,MIA,Away,CLE,0,2-pt FG,unassisted,Unassisted,16,23.8,8,2,5,0.4,1,4,0.25,3,4,0.75,5,0,0,0,5.6
Kenny Anderson  ,1,11/7/1996,1996,POR,Home,MIN,-1,2-pt FG,unassisted,Unassisted,15,43.15,21,6,17,0.353,1,5,0.2,8,9,0.889,5,3,3,0,15.5
Hakeem Olajuwon  ,3,4/13/1996,1996,HOU,Home,DAL,-1,2-pt FG,R. Horry,Assisted,5,32,31,13,21,0.619,0,0,,5,6,0.833,13,6,0,10,30.4
Vernon Maxwell  ,2,4/6/1996,1996,PHI,Away,ATL,-1,2-pt FG,unassisted,Unassisted,19,48,38,14,27,0.519,4,10,0.4,6,7,0.857,5,6,2,0,22.2
Mookie Blaylock,1,3/31/1996,1996,ATL,Away,BOS,-2,3-pt FG,C. Ehlo,Assisted,24,43,16,6,17,0.353,2,8,0.25,2,2,1,3,10,3,0,15.8
Greg Minor,1,3/22/1996,1996,BOS,Home,DEN,-1,2-pt FG,unassisted,Unassisted,8,33,24,9,13,0.692,0,0,,6,6,1,7,2,2,0,25.6
Dennis Scott,1,2/21/1996,1996,ORL,Away,IND,0,2-pt FG,unassisted,Unassisted,18,39,32,11,18,0.611,8,13,0.615,2,2,1,4,3,0,0,25.1
John Stockton  ,3,1/8/1996,1996,UTA,Home,MIA,0,2-pt FG,A. Keefe,Assisted,22,33,27,8,11,0.727,1,3,0.333,10,11,0.909,4,5,1,0,26
Blue Edwards,1,1/5/1996,1996,VAN,Home,PHI,-1,2-pt FG,B. Reeves,Assisted,19,34,19,9,21,0.429,0,5,0,1,5,0.2,3,1,1,0,6.3
Sam Cassell  ,1,12/30/1995,1995,HOU,Away,DAL,0,3-pt FG,unassisted,Unassisted,26,27,23,8,16,0.5,1,3,0.333,6,9,0.667,2,2,0,0,15
Tony Dumas,1,12/28/1995,1995,DAL,Home,VAN,0,2-pt FG,J. Kidd,Assisted,12,36,18,3,16,0.188,1,7,0.143,11,16,0.688,5,0,1,0,6.1
Terrell Brandon,1,12/23/1995,1995,CLE,Home,IND,-1,2-pt FG,unassisted,Unassisted,5,39,21,7,14,0.5,2,2,1,5,5,1,3,11,0,1,21.7
John Stockton  ,2,12/21/1995,1995,UTA,Away,CLE,-1,3-pt FG,unassisted,Unassisted,24,34,15,5,8,0.625,2,4,0.5,3,4,0.75,4,8,1,1,16.3
Arvydas Sabonis,1,12/10/1995,1995,POR,Home,HOU,0,2-pt FG,unassisted,Unassisted,7,39,13,4,13,0.308,0,2,0,5,6,0.833,15,2,2,1,7.9
Michael Finley  ,1,11/25/1995,1995,PHO,Home,LAL,-1,2-pt FG,unassisted,Unassisted,14,32,23,9,15,0.6,3,6,0.5,2,4,0.5,4,2,0,0,15.3
Anfernee Hardaway  ,1,11/22/1995,1995,ORL,Home,VAN,0,2-pt FG,unassisted,Unassisted,6,38,37,11,21,0.524,1,4,0.25,14,17,0.824,4,5,1,1,26.5
James Robinson,1,11/21/1995,1995,POR,Away,LAL,-2,3-pt FG,A. McKie,Assisted,23,27,17,7,12,0.583,3,5,0.6,0,0,,1,6,0,1,16.2
Robert Horry  ,1,11/15/1995,1995,HOU,Away,TOR,0,3-pt FG,C. Drexler,Assisted,26,26,3,1,5,0.2,1,4,0.25,0,0,,3,3,0,2,1.1
Chris King,1,11/5/1995,1995,VAN,Home,MIN,0,2-pt FG,unassisted,Unassisted,0,38,9,3,10,0.3,0,1,0,3,5,0.6,5,1,2,0,6
Rik Smits  ,2,5/29/1995,1995,IND,Home,ORL,-1,2-pt FG,D. McKey,Assisted,14,36,21,6,16,0.375,0,0,,9,11,0.818,7,7,1,2,17.2
Clyde Drexler  ,3,4/9/1995,1995,HOU,Away,DEN,0,3-pt FG,unassisted,Unassisted,30,41,34,11,21,0.524,3,5,0.6,9,11,0.818,13,1,1,1,28
Chuck Person  ,3,4/6/1995,1995,SAS,Away,SAC,0,2-pt FG,S. Elliott,Assisted,20,21,16,7,12,0.583,2,4,0.5,0,1,0,2,0,1,0,11.2
Michael Jordan  ,5,3/25/1995,1995,CHI,Away,ATL,-1,2-pt FG,unassisted,Unassisted,14,43,32,14,26,0.538,0,1,0,4,4,1,4,2,1,0,22.2
Sean Elliott  ,1,3/9/1995,1995,SAS,Away,CLE,0,2-pt FG,D. Rivers,Assisted,0,26,19,5,9,0.556,3,5,0.6,6,8,0.75,1,4,0,0,14.4
Nick Van Exel  ,1,1/20/1995,1995,LAL,Away,BOS,-1,3-pt FG,unassisted,Unassisted,26,43,29,11,23,0.478,3,10,0.3,4,5,0.8,6,10,1,0,20.3
Dee Brown,1,1/15/1995,1995,BOS,Home,SAC,-1,2-pt FG,unassisted,Unassisted,0,37,8,4,9,0.444,0,4,0,0,0,,1,4,2,0,7
Pooh Richardson  ,2,12/7/1994,1994,LAC,Home,MIL,0,2-pt FG,L. Murray,Assisted,20,46,9,4,11,0.364,1,6,0.167,0,0,,6,13,2,0,9.8
Clyde Drexler  ,2,12/4/1994,1994,POR,Home,MIL,0,3-pt FG,J. Robinson,Assisted,26,42,36,9,22,0.409,5,12,0.417,13,16,0.813,11,9,1,0,32.2
Tony Smith,1,11/18/1994,1994,LAL,Home,CLE,-1,3-pt FG,S. Threatt,Assisted,27,9,8,3,4,0.75,2,3,0.667,0,0,,0,0,1,0,7.4
Terry Mills  ,1,11/17/1994,1994,DET,Away,DEN,0,2-pt FG,unassisted,Unassisted,20,46,20,7,15,0.467,3,7,0.429,3,4,0.75,4,2,3,0,14.7
Toni Kuko?  ,2,5/13/1994,1994,CHI,Home,NYK,0,2-pt FG,P. Myers,Assisted,19,13,8,2,6,0.333,1,2,0.5,3,6,0.5,4,4,0,1,7.1
Chris Mills,1,4/16/1994,1994,CLE,Away,MIL,-1,2-pt FG,unassisted,Unassisted,10,31,13,5,12,0.417,0,0,,3,3,1,14,1,1,0,14.3
Donald Royal,1,3/16/1994,1994,ORL,Home,DAL,0,2-pt FG,unassisted,Unassisted,17,23,9,2,5,0.4,0,0,,5,6,0.833,2,1,1,0,7.2
Toni Kuko?  ,1,1/21/1994,1994,CHI,Home,IND,-2,3-pt FG,S. Pippen,Assisted,25,16,19,6,9,0.667,2,2,1,5,6,0.833,5,3,2,0,20.1
Latrell Sprewell,1,1/19/1994,1994,GSW,Away,ATL,-2,3-pt FG,A. Johnson,Assisted,23,46,23,8,14,0.571,1,4,0.25,6,9,0.667,5,3,4,0,16.4
Dana Barros,1,1/14/1994,1994,PHI,Home,IND,0,2-pt FG,J. Hornacek,Assisted,16,50,20,8,16,0.5,3,8,0.375,1,2,0.5,6,13,0,0,15.1
Vernon Maxwell  ,1,12/21/1993,1993,HOU,Away,SAS,0,2-pt FG,unassisted,Unassisted,20,48,35,14,24,0.583,5,12,0.417,2,2,1,3,6,3,0,26.5
Alonzo Mourning,1,12/9/1993,1993,CHH,Home,CLE,0,2-pt FG,L. Johnson,Assisted,10,43,23,8,20,0.4,0,0,,7,9,0.778,12,5,0,5,20.2
Horace Grant,1,11/19/1993,1993,CHI,Away,LAL,0,2-pt FG,unassisted,Unassisted,0,41,13,6,16,0.375,0,0,,1,8,0.125,23,5,0,6,19.2
Elden Campbell  ,1,11/16/1993,1993,LAL,Home,LAC,0,2-pt FG,J. Worthy,Assisted,10,38,7,1,10,0.1,0,0,,5,6,0.833,5,1,1,5,5.9
Mark Aguirre,1,11/5/1993,1993,LAC,Home,POR,-1,3-pt FG,M. Jackson,Assisted,25,17,6,2,3,0.667,2,2,1,0,0,,2,3,0,0,5.2
Michael Jordan  ,4,5/17/1993,1993,CHI,Away,CLE,0,2-pt FG,unassisted,Unassisted,18,40,31,11,24,0.458,2,2,1,7,9,0.778,9,6,2,1,23.8
Mahmoud Abdul-Rauf  ,2,4/25/1993,1993,DEN,Home,PHO,-1,3-pt FG,unassisted,Unassisted,23,35,23,11,21,0.524,1,4,0.25,0,0,,4,1,2,0,13.2
Charles Barkley  ,3,4/22/1993,1993,PHO,Away,POR,-1,2-pt FG,unassisted,Unassisted,10,34,25,11,19,0.579,0,3,0,3,4,0.75,8,5,2,0,19
Danny Ferry,1,4/10/1993,1993,CLE,Away,NJN,-1,2-pt FG,M. Price,Assisted,17,24,18,7,9,0.778,1,1,1,3,4,0.75,0,1,0,0,11.8
Dan Majerle,1,4/6/1993,1993,PHO,Home,LAL,-2,3-pt FG,O. Miller,Assisted,33,41,20,6,12,0.5,3,5,0.6,5,6,0.833,4,8,3,0,20.6
Jon Koncak,1,1/19/1993,1993,ATL,Away,CHH,0,2-pt FG,unassisted,Unassisted,0,26,2,1,5,0.2,0,0,,0,0,,7,4,0,1,3.5
Ron Anderson,1,1/8/1993,1993,PHI,Away,WSB,0,2-pt FG,unassisted,Unassisted,0,27,23,10,15,0.667,2,2,1,1,3,0.333,7,4,0,0,19.4
Gary Grant,1,1/2/1993,1993,LAC,Away,NYK,-1,2-pt FG,J. Williams,Assisted,21,23,6,3,7,0.429,0,0,,0,0,,2,5,2,0,5.2
Mahmoud Abdul-Rauf  ,1,11/27/1992,1992,DEN,Away,LAC,0,3-pt FG,unassisted,Unassisted,55,30,19,6,12,0.5,2,3,0.667,5,5,1,3,4,0,0,14.7
Michael Jordan  ,3,11/11/1992,1992,CHI,Home,DET,-1,3-pt FG,unassisted,Unassisted,26,52,37,13,24,0.542,3,3,1,8,10,0.8,10,4,0,1,26.5
Maurice Cheeks,1,3/27/1992,1992,ATL,Away,MIN,0,2-pt FG,unassisted,Unassisted,19,14,6,3,5,0.6,0,0,,0,0,,2,3,1,0,6.4
Alexander Volkov,1,3/23/1992,1992,ATL,Home,GSW,-1,2-pt FG,D. Ferrell,Assisted,0,29,16,4,10,0.4,0,1,0,8,9,0.889,4,2,2,0,12.8
Hakeem Olajuwon  ,2,2/26/1992,1992,HOU,Home,GSW,0,2-pt FG,O. Thorpe,Assisted,21,43,33,11,20,0.55,0,0,,11,12,0.917,12,9,5,4,39.5
Ricky Pierce  ,2,2/20/1992,1992,SEA,Home,LAL,0,2-pt FG,N. McMillan,Assisted,20,34,19,7,19,0.368,0,2,0,5,6,0.833,6,3,1,1,9.3
Pooh Richardson  ,1,2/13/1992,1992,MIN,Away,DET,0,3-pt FG,T. Campbell,Assisted,23,46,19,9,21,0.429,1,1,1,0,0,,7,13,1,0,15.9
Detlef Schrempf,1,2/11/1992,1992,IND,Away,ORL,0,2-pt FG,unassisted,Unassisted,18,35,26,9,17,0.529,0,0,,8,9,0.889,23,3,2,0,27.9
Sam Perkins  ,2,1/15/1992,1992,LAL,Home,CHH,0,2-pt FG,unassisted,Unassisted,10,37,10,3,9,0.333,0,0,,4,6,0.667,13,2,1,2,12.2
Larry Johnson,1,1/14/1992,1992,CHH,Away,SEA,-1,2-pt FG,K. Gill,Assisted,17,48,24,10,22,0.455,0,1,0,4,4,1,13,5,2,0,16.6
Craig Ehlo  ,2,12/23/1991,1991,CLE,Home,UTA,-2,3-pt FG,B. Daugherty,Assisted,25,27,14,5,12,0.417,2,4,0.5,2,4,0.5,6,4,1,0,10.2
Johnny Dawkins,1,12/6/1991,1991,PHI,Home,POR,0,3-pt FG,R. Anderson,Assisted,27,43,23,11,20,0.55,1,4,0.25,0,0,,2,10,0,0,17.8
Sedale Threatt,1,11/27/1991,1991,LAL,Away,MIA,0,2-pt FG,unassisted,Unassisted,17,43,4,2,5,0.4,0,0,,0,0,,3,3,1,0,2.9
Tony Campbell,1,4/21/1991,1991,MIN,Away,WSB,0,2-pt FG,unassisted,Unassisted,17,39,22,8,21,0.381,1,2,0.5,5,8,0.625,5,3,1,0,11.5
Robert Parish  ,2,3/29/1991,1991,BOS,Home,CLE,0,2-pt FG,B. Shaw,Assisted,10,37,25,12,16,0.75,0,0,,1,4,0.25,15,1,0,2,25
Brad Davis,1,3/13/1991,1991,DAL,Home,SEA,0,2-pt FG,unassisted,Unassisted,0,18,8,4,7,0.571,0,1,0,0,0,,1,6,0,0,8
Trent Tucker  ,2,3/6/1991,1991,NYK,Away,DET,0,3-pt FG,C. Oakley,Assisted,25,15,8,3,5,0.6,2,3,0.667,0,0,,2,2,0,0,7.3
John Morton,1,3/5/1991,1991,CLE,Away,SEA,0,2-pt FG,unassisted,Unassisted,15,27,21,6,8,0.75,0,0,,9,9,1,1,2,1,0,19.7
Rolando Blackman  ,2,3/4/1991,1991,DAL,Home,NJN,0,Free throw,,Free Throw,,37,21,6,15,0.4,0,0,,9,10,0.9,5,7,0,0,16.3
Travis Mays,1,2/12/1991,1991,SAC,Home,LAC,0,2-pt FG,B. Wennington,Assisted,17,40,24,9,16,0.563,4,6,0.667,2,2,1,4,2,1,0,16.4
Bill Laimbeer  ,4,1/25/1991,1991,DET,Home,DAL,0,2-pt FG,unassisted,Unassisted,10,23,6,3,8,0.375,0,3,0,0,0,,6,4,0,1,5.3
Fred Roberts,1,12/7/1990,1990,MIL,Away,ATL,-1,2-pt FG,unassisted,Unassisted,18,31,8,3,7,0.429,0,0,,2,2,1,2,4,0,0,1.5
Charles Barkley  ,2,12/4/1990,1990,PHI,Home,MIL,-1,Free throw,,Free Throw,,44,42,13,20,0.65,0,0,,16,20,0.8,9,0,3,0,35.5
Kevin Johnson,1,11/21/1990,1990,PHO,Home,CHI,0,2-pt FG,unassisted,Unassisted,10,28,18,4,11,0.364,0,0,,10,11,0.909,3,10,2,0,16.6
Michael Jordan  ,2,11/13/1990,1990,CHI,Away,UTA,0,2-pt FG,unassisted,Unassisted,18,38,29,10,22,0.455,1,1,1,8,10,0.8,11,5,1,2,25.8
Brian Shaw,1,11/6/1990,1990,BOS,Away,CHI,0,2-pt FG,unassisted,Unassisted,0,45,20,8,15,0.533,0,0,,4,6,0.667,8,8,2,0,18.1
Ken Norman,1,11/4/1990,1990,LAC,Home,GSW,0,2-pt FG,unassisted,Unassisted,20,44,26,10,17,0.588,0,1,0,6,9,0.667,13,3,3,0,24.9
John Paxson,1,4/7/1990,1990,CHI,Away,DAL,-2,3-pt FG,M. Jordan,Assisted,24,35,9,3,7,0.429,1,1,1,2,2,1,4,10,1,0,13.7
Sam Mitchell,1,3/30/1990,1990,MIN,Away,DAL,0,2-pt FG,unassisted,Unassisted,10,25,6,3,6,0.5,0,0,,0,0,,2,1,1,1,2.4
Glen Rice  ,1,3/5/1990,1990,MIA,Home,UTA,-1,2-pt FG,S. Douglas,Assisted,21,27,10,4,10,0.4,0,0,,2,2,1,2,3,1,0,6.9
Lester Conner,1,2/21/1990,1990,NJN,Home,MIN,0,2-pt FG,unassisted,Unassisted,12,43,17,8,14,0.571,0,0,,1,1,1,4,4,3,0,15
Byron Scott,1,2/20/1990,1990,LAL,Away,SAS,-2,3-pt FG,unassisted,Unassisted,24,45,15,6,14,0.429,2,4,0.5,1,2,0.5,7,4,1,0,11.1
Willie Anderson,1,2/17/1990,1990,SAS,Away,HOU,0,2-pt FG,?,Assisted,15,41,20,9,17,0.529,0,0,,2,2,1,5,9,0,1,15
Derrick McKey  ,2,2/3/1990,1990,SEA,Away,WSB,0,2-pt FG,unassisted,Unassisted,17,41,17,5,16,0.313,0,0,,7,9,0.778,7,2,1,0,10.1
Trent Tucker  ,1,1/15/1990,1990,NYK,Home,CHI,0,3-pt FG,M. Jackson,Assisted,26,21,12,5,8,0.625,2,4,0.5,0,0,,0,1,1,0,8.3
Craig Ehlo  ,1,12/11/1989,1989,CLE,Away,UTA,0,3-pt FG,L. Nance,Assisted,30,34,17,6,12,0.5,4,5,0.8,1,2,0.5,5,4,1,0,16.3
Chuck Person  ,2,12/8/1989,1989,IND,Home,CHI,0,2-pt FG,unassisted,Unassisted,20,33,15,5,14,0.357,1,4,0.25,4,6,0.667,6,5,0,0,11.9
Dell Curry,1,11/17/1989,1989,CHH,Home,GSW,-2,3-pt FG,M. Bogues,Assisted,24,27,16,7,14,0.5,2,3,0.667,0,0,,3,3,2,0,10
John Stockton  ,1,11/15/1989,1989,UTA,Home,CHI,-1,2-pt FG,unassisted,Unassisted,0,41,22,7,14,0.5,1,1,1,7,7,1,1,18,3,1,26.8
Michael Jordan  ,1,5/7/1989,1989,CHI,Away,CLE,-1,2-pt FG,unassisted,Unassisted,15,44,44,17,32,0.531,1,1,1,9,13,0.692,9,6,1,0,32.7
Derrick McKey  ,1,5/5/1989,1989,SEA,Away,HOU,0,2-pt FG,N. McMillan,Assisted,0,38,15,6,11,0.545,0,3,0,3,4,0.75,9,4,1,1,9.7
Adrian Dantley,1,4/2/1989,1989,DAL,Home,MIA,0,2-pt FG,unassisted,Unassisted,18,29,25,10,16,0.625,0,0,,5,6,0.833,7,5,0,0,22.2
Rik Smits  ,1,3/27/1989,1989,IND,Home,CLE,0,Free throw,,Free Throw,,27,13,5,9,0.556,0,0,,3,4,0.75,9,1,0,1,10.4
Magic Johnson  ,3,3/26/1989,1989,LAL,Home,PHO,0,2-pt FG,unassisted,Unassisted,15,44,34,11,22,0.5,0,5,0,12,13,0.923,10,18,1,0,34.8
Doc Rivers,1,3/19/1989,1989,ATL,Away,LAL,0,2-pt FG,J. Battle,Assisted,22,31,27,10,17,0.588,1,1,1,6,6,1,4,6,2,2,26.1
Rory Sparrow  ,2,2/17/1989,1989,MIA,Home,CHH,-1,2-pt FG,unassisted,Unassisted,15,35,13,6,14,0.429,1,1,1,0,0,,3,6,2,1,10.6
Kurt Rambis  ,2,1/26/1989,1989,CHH,Away,UTA,-1,2-pt FG,unassisted,Unassisted,0,26,8,4,9,0.444,0,0,,0,0,,15,3,1,3,12.2
Hersey Hawkins  ,1,1/7/1989,1989,PHI,Away,HOU,-2,3-pt FG,M. Gminski,Assisted,25,38,31,12,18,0.667,2,5,0.4,5,8,0.625,4,2,3,0,23.8
Scottie Pippen,1,12/29/1988,1988,CHI,Home,NYK,0,2-pt FG,unassisted,Unassisted,10,39,23,10,18,0.556,0,1,0,3,4,0.75,6,7,1,4,20.1
Kurt Rambis  ,1,12/23/1988,1988,CHH,Home,CHI,0,2-pt FG,unassisted,Unassisted,0,31,8,3,8,0.375,0,0,,2,2,1,7,3,6,0,9
Jay Humphries,1,12/11/1988,1988,MIL,Home,LAL,-1,2-pt FG,unassisted,Unassisted,16,29,18,9,16,0.563,0,2,0,0,0,,0,3,0,0,10.9
Magic Johnson  ,2,11/15/1988,1988,LAL,Away,DEN,-1,3-pt FG,unassisted,Unassisted,25,41,21,8,14,0.571,1,2,0.5,4,4,1,5,13,3,1,18.5
Mike Mitchell,1,4/21/1988,1988,SAS,Away,HOU,-1,2-pt FG,unassisted,Unassisted,15,25,14,6,11,0.545,0,0,,2,2,1,4,1,0,0,11
Charles Barkley  ,1,4/13/1988,1988,PHI,Home,WSB,-2,3-pt FG,A. King,Assisted,29,51,38,13,21,0.619,2,2,1,10,15,0.667,20,1,3,2,36
John Long,1,4/11/1988,1988,IND,Home,NJN,0,2-pt FG,unassisted,Unassisted,18,24,11,4,9,0.444,0,1,0,3,3,1,2,0,2,0,4.1
Michael Adams,1,3/25/1988,1988,DEN,Away,LAL,-1,2-pt FG,unassisted,Unassisted,18,44,32,12,22,0.545,2,8,0.25,6,7,0.857,4,9,6,0,31.1
Ed Nealy,1,3/25/1988,1988,SAS,Home,DET,-1,2-pt FG,J. Sundvold,Assisted,5,17,2,1,1,1,0,0,,0,0,,4,1,0,0,-1
Mark Jackson,1,3/1/1988,1988,NYK,Home,IND,0,2-pt FG,unassisted,Unassisted,10,45,13,6,22,0.273,0,2,0,1,2,0.5,7,9,0,1,3.7
Gerald Henderson,1,2/29/1988,1988,PHI,Home,CHI,-1,2-pt FG,unassisted,Unassisted,0,25,15,3,5,0.6,2,3,0.667,7,8,0.875,0,3,1,0,14.6
Jerome Kersey,1,2/27/1988,1988,POR,Away,ATL,0,3-pt FG,unassisted,Unassisted,30,32,25,9,16,0.563,1,1,1,6,8,0.75,7,3,5,0,24.2
Reggie Theus  ,3,2/16/1988,1988,SAC,Away,ATL,0,3-pt FG,unassisted,Unassisted,29,40,23,11,19,0.579,1,1,1,0,0,,2,4,2,0,16.1
Steve Stipanovich,1,2/11/1988,1988,IND,Away,GSW,-2,3-pt FG,unassisted,Unassisted,22,33,17,8,15,0.533,1,2,0.5,0,0,,4,3,4,1,15.3
Kelly Tripucka,1,2/4/1988,1988,UTA,Away,POR,0,3-pt FG,unassisted,Unassisted,22,33,18,7,13,0.538,3,4,0.75,1,2,0.5,5,3,1,0,14.9
Steve Harris,1,1/20/1988,1988,GSW,Away,NJN,0,2-pt FG,unassisted,Unassisted,6,30,18,9,14,0.643,0,0,,0,0,,3,1,0,0,12.2
Reggie Theus  ,2,1/2/1988,1988,SAC,Home,UTA,0,2-pt FG,unassisted,Unassisted,17,43,36,13,23,0.565,0,3,0,10,11,0.909,7,9,3,0,31.9
Clyde Drexler  ,1,1/1/1988,1988,POR,Home,PHI,0,2-pt FG,unassisted,Unassisted,0,42,37,11,23,0.478,0,0,,15,16,0.938,12,4,3,0,33.9
Magic Johnson  ,1,12/11/1987,1987,LAL,Away,BOS,-1,2-pt FG,unassisted,Unassisted,22,44,18,6,11,0.545,1,1,1,5,6,0.833,8,17,2,0,23.8
Tyrone Corbin,1,12/5/1987,1987,CLE,Home,LAL,0,2-pt FG,unassisted,Unassisted,0,29,16,7,11,0.636,0,0,,2,4,0.5,7,1,1,1,14.8
Nate McMillan,1,11/20/1987,1987,SEA,Home,MIL,0,2-pt FG,unassisted,Unassisted,5,28,6,3,5,0.6,0,1,0,0,1,0,11,10,0,1,11.9
Darren Daye,1,11/18/1987,1987,BOS,Home,NYK,0,2-pt FG,unassisted,Unassisted,0,42,19,7,16,0.438,0,0,,5,7,0.714,4,5,3,0,17.3
Rodney McCray,1,11/15/1987,1987,HOU,Home,SEA,0,2-pt FG,unassisted,Unassisted,20,42,24,8,16,0.5,0,0,,8,11,0.727,8,5,2,0,20.5
Larry Bird  ,4,11/7/1987,1987,BOS,Away,WSB,-1,2-pt FG,D. Ainge,Assisted,23,53,47,19,29,0.655,1,2,0.5,8,10,0.8,8,7,2,0,34.8
Alvin Robertson,1,2/26/1987,1987,SAS,Home,PHI,-1,3-pt FG,J. Dawkins,Assisted,26,41,23,10,20,0.5,1,2,0.5,2,2,1,5,5,6,0,22.8
Jack Sikma  ,2,2/12/1987,1987,MIL,Home,SEA,0,2-pt FG,unassisted,Unassisted,0,33,18,6,10,0.6,0,0,,6,7,0.857,18,3,2,2,22.3
Mike Sanders,1,1/24/1987,1987,PHO,Away,IND,-1,2-pt FG,unassisted,Unassisted,6,5,4,1,2,0.5,0,0,,2,2,1,1,0,0,0,1.7
Louis Orr,1,1/19/1987,1987,NYK,Home,BOS,0,2-pt FG,unassisted,Unassisted,22,31,8,4,7,0.571,0,0,,0,0,,6,6,0,0,11.5
Danny Schayes,1,12/27/1986,1986,DEN,Away,SAS,0,Free throw,,Free Throw,,28,17,4,6,0.667,0,0,,9,10,0.9,8,1,0,3,14.4
Isiah Thomas,1,12/27/1986,1986,DET,Away,WSB,0,2-pt FG,unassisted,Unassisted,22,39,26,10,25,0.4,0,1,0,6,9,0.667,4,6,2,0,17.5
Patrick Ewing,1,12/25/1986,1986,NYK,Home,CHI,-1,2-pt FG,unassisted,Unassisted,10,41,28,13,29,0.448,0,0,,2,4,0.5,17,1,0,2,16.1
Darrell Griffith  ,2,12/16/1986,1986,UTA,Away,WSB,0,3-pt FG,K. Tripucka,Assisted,26,28,27,12,18,0.667,3,4,0.75,0,1,0,3,3,2,0,23.4
Fat Lever,1,11/26/1986,1986,DEN,Home,CHI,0,2-pt FG,unassisted,Unassisted,8,39,19,8,21,0.381,0,0,,3,4,0.75,12,4,1,0,13.7
Chuck Person  ,1,11/15/1986,1986,IND,Home,MIL,-2,3-pt FG,H. Williams,Assisted,33,45,14,6,14,0.429,1,3,0.333,1,2,0.5,11,4,0,1,12.8
Darrell Griffith  ,1,11/11/1986,1986,UTA,Home,DAL,-2,3-pt FG,R. Green,Assisted,33,17,15,5,11,0.455,2,3,0.667,3,6,0.5,2,0,0,0,7.3
Ralph Sampson,1,5/21/1986,1986,HOU,Away,LAL,0,2-pt FG,R. McCray,Assisted,10,45,29,10,15,0.667,0,0,,9,11,0.818,5,3,2,1,24.2
Dudley Bradley,1,4/18/1986,1986,WSB,Away,PHI,-2,3-pt FG,unassisted,Unassisted,27,15,9,2,5,0.4,2,3,0.667,3,4,0.75,2,1,0,0,5.4
Julius Erving  ,2,4/6/1986,1986,PHI,Home,BOS,-2,3-pt FG,unassisted,Unassisted,28,34,23,8,14,0.571,2,2,1,5,7,0.714,5,4,4,0,21.7
Joe Barry Carroll  ,2,3/23/1986,1986,GSW,Home,DEN,0,2-pt FG,G. Ballard,Assisted,21,36,31,14,28,0.5,0,0,,3,8,0.375,8,3,1,2,17.3
Julius Erving  ,1,2/28/1986,1986,PHI,Away,DAL,0,3-pt FG,M. Cheeks,Assisted,53,33,20,9,16,0.563,1,1,1,1,2,0.5,4,8,2,0,19
Sam Perkins  ,1,1/13/1986,1986,DAL,Away,SEA,-1,2-pt FG,unassisted,Unassisted,6,32,17,6,12,0.5,0,0,,5,6,0.833,5,2,0,1,10.8
Hakeem Olajuwon  ,1,1/11/1986,1986,HOU,Home,WSB,-1,2-pt FG,unassisted,Unassisted,0,42,18,8,22,0.364,0,0,,2,6,0.333,11,4,1,4,14.3
Ricky Pierce  ,1,12/28/1985,1985,MIL,Away,CLE,0,2-pt FG,unassisted,Unassisted,0,36,11,4,14,0.286,0,0,,3,4,0.75,4,1,1,0,3.9
Jim Paxson,1,12/13/1985,1985,POR,Away,GSW,0,3-pt FG,unassisted,Unassisted,25,36,33,13,20,0.65,1,1,1,6,7,0.857,5,3,1,0,26
Kiki Vandeweghe,1,12/10/1985,1985,POR,Home,GSW,0,Free throw,,Free Throw,,25,21,8,16,0.5,0,0,,5,6,0.833,2,1,1,0,15.3
Karl Malone,1,11/25/1985,1985,UTA,Away,IND,-1,2-pt FG,unassisted,Unassisted,0,26,11,4,9,0.444,0,0,,3,4,0.75,10,4,0,1,11.4
Clark Kellogg,1,11/16/1985,1985,IND,Home,BOS,0,2-pt FG,unassisted,Unassisted,5,30,21,8,12,0.667,0,0,,5,6,0.833,8,1,2,0,19.9
Dennis Johnson,1,6/5/1985,1985,BOS,Away,LAL,0,2-pt FG,L. Bird,Assisted,21,46,27,11,20,0.55,0,1,0,5,6,0.833,7,12,2,2,29.9
Paul Mokeski,1,4/12/1985,1985,MIL,Away,BOS,0,Free throw,,Free Throw,,28,7,2,3,0.667,0,0,,3,4,0.75,13,2,0,0,9.8
Bill Laimbeer  ,3,4/10/1985,1985,DET,Home,IND,0,2-pt FG,K. Tripucka,Assisted,16,38,20,9,18,0.5,0,0,,2,2,1,13,4,3,1,20.6
Walter Davis  ,3,3/7/1985,1985,PHO,Home,SAS,-1,3-pt FG,A. Scott,Assisted,22,29,21,9,16,0.563,1,1,1,2,2,1,2,7,1,0,14.5
Calvin Natt  ,2,3/2/1985,1985,DEN,Home,MIL,-1,2-pt FG,?,Assisted,22,40,29,12,22,0.545,0,0,,5,9,0.556,11,5,0,0,22
Larry Bird  ,3,1/29/1985,1985,BOS,Home,DET,-1,2-pt FG,unassisted,Unassisted,6,37,32,11,23,0.478,1,1,1,9,9,1,10,5,0,1,24.9
Larry Bird  ,2,1/27/1985,1985,BOS,Home,POR,-1,2-pt FG,unassisted,Unassisted,20,45,48,17,28,0.607,2,5,0.4,12,12,1,10,7,3,1,41
Bill Laimbeer  ,2,1/19/1985,1985,DET,Away,NJN,0,2-pt FG,unassisted,Unassisted,10,34,11,5,14,0.357,0,0,,1,2,0.5,12,1,1,1,5.4
Mike Evans,1,1/18/1985,1985,DEN,Home,WSB,0,2-pt FG,?,Assisted,10,10,4,2,5,0.4,0,0,,0,0,,0,2,1,0,1.9
Greg Ballard  ,4,1/16/1985,1985,WSB,Away,UTA,0,2-pt FG,D. Daye,Assisted,22,46,12,5,11,0.455,0,0,,2,2,1,11,4,0,0,10.8
Kareem Abdul-Jabbar  ,3,1/6/1985,1985,LAL,Home,SAS,-1,2-pt FG,M. Cooper,Assisted,15,40,28,11,20,0.55,0,0,,6,9,0.667,11,4,2,1,21.2
Kevin McHale,1,12/9/1984,1984,BOS,Home,ATL,-1,2-pt FG,unassisted,Unassisted,0,32,20,9,15,0.6,0,0,,2,2,1,10,0,0,2,18.7
Mike Gminski,1,11/3/1984,1984,NJN,Home,IND,-1,2-pt FG,unassisted,Unassisted,18,37,14,6,15,0.4,0,0,,2,4,0.5,8,3,0,5,13.5
Gus Williams  ,2,4/19/1984,1984,SEA,Away,DAL,0,3-pt FG,D. Vranes,Assisted,25,44,19,7,17,0.412,1,1,1,4,8,0.5,6,11,1,0,17.4
Bill Laimbeer  ,1,4/10/1984,1984,DET,Home,IND,0,2-pt FG,I. Thomas,Assisted,15,40,22,10,19,0.526,0,0,,2,2,1,22,1,2,2,24.8
George Gervin  ,2,3/27/1984,1984,SAS,Home,GSW,-2,3-pt FG,unassisted,Unassisted,25,31,13,4,13,0.308,1,1,1,4,6,0.667,5,4,1,0,5.8
Rolando Blackman  ,1,2/25/1984,1984,DAL,Away,UTA,0,2-pt FG,unassisted,Unassisted,0,36,19,8,19,0.421,0,0,,3,3,1,6,5,1,0,11.8
Micheal Ray Richardson  ,3,2/4/1984,1984,NJN,Away,CHI,0,3-pt FG,B. Willoughby,Assisted,28,29,18,8,13,0.615,1,1,1,1,1,1,3,5,1,0,15.3
Eddie Johnson  ,1,2/3/1984,1984,KCK,Away,NJN,0,2-pt FG,unassisted,Unassisted,16,33,32,13,21,0.619,0,0,,6,6,1,5,2,2,0,25.4
Cliff Robinson  ,3,1/31/1984,1984,CLE,Home,DET,-1,3-pt FG,L. Shelton,Assisted,25,41,32,13,25,0.52,1,1,1,5,8,0.625,21,2,0,4,24.6
Pat Cummings,1,1/25/1984,1984,DAL,Home,GSW,0,2-pt FG,B. Davis,Assisted,10,45,23,10,17,0.588,0,0,,3,4,0.75,10,4,0,1,14.2
Howard Carter,1,1/20/1984,1984,DEN,Home,KCK,-1,3-pt FG,?,Assisted,32,20,7,3,6,0.5,1,1,1,0,0,,1,1,0,0,4.2
Ray Williams,1,1/14/1984,1984,NYK,Away,CHI,0,Free throw,,Free Throw,,36,13,5,10,0.5,1,2,0.5,2,2,1,3,6,0,0,9.3
Caldwell Jones,1,12/9/1983,1983,HOU,Away,CHI,0,3-pt FG,unassisted,Unassisted,25,41,13,4,5,0.8,1,1,1,4,4,1,7,5,1,1,11.8
Buck Williams,1,11/23/1983,1983,NJN,Away,PHO,0,2-pt FG,D. Cook,Assisted,10,44,20,7,12,0.583,0,0,,6,11,0.545,12,4,4,1,17.9
Terry Cummings,1,11/20/1983,1983,SDC,Home,CLE,0,2-pt FG,B. Walton,Assisted,0,36,12,6,18,0.333,0,0,,0,0,,10,3,1,0,7.1
Orlando Woolridge,1,11/15/1983,1983,CHI,Home,DET,0,2-pt FG,D. Corzine,Assisted,20,33,27,11,16,0.688,0,0,,5,5,1,4,2,2,1,23.9
Sidney Moncrief  ,3,11/13/1983,1983,MIL,Home,SEA,-1,Free throw,,Free Throw,,43,30,8,16,0.5,0,0,,14,14,1,3,8,1,0,26.1
Robert Parish  ,1,11/8/1983,1983,BOS,Away,IND,0,2-pt FG,unassisted,Unassisted,5,36,16,6,9,0.667,0,0,,4,4,1,11,3,0,1,18
Dan Roundfield,1,10/29/1983,1983,ATL,Home,DET,0,2-pt FG,unassisted,Unassisted,18,35,23,10,15,0.667,0,0,,3,7,0.429,10,5,2,4,24.4
George Gervin  ,1,4/6/1983,1983,SAS,Away,PHI,0,3-pt FG,unassisted,Unassisted,27,42,32,12,24,0.5,1,1,1,7,8,0.875,6,3,4,1,26.8
Rory Sparrow  ,1,3/12/1983,1983,NYK,Home,POR,-1,3-pt FG,unassisted,Unassisted,28,32,13,5,8,0.625,1,1,1,2,2,1,2,3,1,0,8.7
Larry Bird  ,1,2/26/1983,1983,BOS,Away,PHO,-1,3-pt FG,C. Maxwell,Assisted,25,43,38,14,25,0.56,1,1,1,9,9,1,4,5,1,0,27
Cliff Robinson  ,2,2/23/1983,1983,CLE,Home,GSW,-1,2-pt FG,unassisted,Unassisted,0,43,23,10,26,0.385,0,0,,3,5,0.6,15,2,0,2,14.1
Jay Vincent,1,2/2/1983,1983,DAL,Home,LAL,0,2-pt FG,unassisted,Unassisted,12,34,15,7,16,0.438,0,0,,1,1,1,15,1,1,1,11.9
Joe Bryant,1,1/18/1983,1983,HOU,Home,WSB,0,2-pt FG,unassisted,Unassisted,0,31,14,6,12,0.5,0,0,,2,3,0.667,0,4,4,1,11.5
Herb Williams,1,12/30/1982,1982,IND,Away,UTA,-1,2-pt FG,B. Carter,Assisted,18,31,31,14,25,0.56,0,0,,3,5,0.6,6,8,,1,
Dan Issel,1,12/27/1982,1982,DEN,Home,GSW,0,2-pt FG,R. Williams,Assisted,20,29,15,5,15,0.333,0,0,,5,6,0.833,9,3,1,0,8.9
Greg Ballard  ,3,12/27/1982,1982,WSB,Home,CHI,0,2-pt FG,J. Ruland,Assisted,20,38,14,6,14,0.429,0,0,,2,3,0.667,8,4,1,0,10.8
Cliff Robinson  ,1,12/22/1982,1982,CLE,Home,IND,0,2-pt FG,W. Free,Assisted,12,32,23,10,22,0.455,0,0,,3,3,1,12,0,1,1,14.5
Lewis Lloyd,1,12/10/1982,1982,GSW,Away,SEA,-2,3-pt FG,L. Romar,Assisted,24,11,10,4,6,0.667,1,1,1,1,2,0.5,5,2,1,0,8.9
Frank Johnson,1,11/26/1982,1982,WSB,Away,IND,0,2-pt FG,unassisted,Unassisted,18,34,16,7,13,0.538,0,0,,2,3,0.667,1,6,0,0,
Gene Banks,1,11/26/1982,1982,SAS,Home,CHI,0,2-pt FG,B. Willoughby,Assisted,22,42,19,6,15,0.4,0,0,,7,8,0.875,15,7,5,1,27
Wes Matthews,1,11/9/1982,1982,ATL,Away,DEN,-2,3-pt FG,D. Roundfield,Assisted,30,23,10,3,6,0.5,1,2,0.5,3,5,0.6,2,6,0,1,9.3
Steve Hawes,1,11/6/1982,1982,ATL,Home,DET,0,2-pt FG,R. Sparrow,Assisted,22,19,5,2,5,0.4,0,0,,1,2,0.5,6,1,,0,
David Thompson,1,11/3/1982,1982,SEA,Home,SAS,-1,3-pt FG,G. Williams,Assisted,28,25,21,6,13,0.462,1,1,1,8,8,1,2,3,0,0,15.4
Sidney Moncrief  ,2,5/1/1982,1982,MIL,Home,PHI,-1,2-pt FG,unassisted,Unassisted,5,47,20,6,13,0.462,0,0,,8,9,0.889,2,4,1,0,
Darnell Valentine,1,3/19/1982,1982,POR,Away,UTA,0,2-pt FG,?,Assisted,15,21,10,4,14,0.286,0,0,,2,2,1,4,4,1,0,6.8
Johnny Moore,1,3/14/1982,1982,SAS,Home,CHI,0,2-pt FG,E. Rains,Assisted,22,27,4,1,6,0.167,0,0,,2,5,0.4,5,13,1,0,7.6
Gus Williams  ,1,3/12/1982,1982,SEA,Away,MIL,0,2-pt FG,unassisted,Unassisted,20,36,30,13,20,0.65,0,0,,4,6,0.667,1,6,1,0,23.5
James Silas  ,2,3/5/1982,1982,CLE,Away,POR,-1,Free throw,,Free Throw,,34,22,7,16,0.438,0,0,,8,9,0.889,3,4,0,0,13.1
World B. Free  ,4,2/25/1982,1982,GSW,Away,DAL,0,2-pt FG,unassisted,Unassisted,20,39,31,13,22,0.591,0,0,,5,7,0.714,3,1,0,0,17.2
Joe Barry Carroll  ,1,2/2/1982,1982,GSW,Home,LAL,0,Free throw,,Free Throw,,35,22,8,16,0.5,0,0,,6,8,0.75,9,0,1,1,12.6
Sidney Moncrief  ,1,1/26/1982,1982,MIL,Away,LAL,0,2-pt FG,unassisted,Unassisted,0,34,20,8,14,0.571,0,0,,4,7,0.571,5,7,3,1,
Reggie Theus  ,1,1/23/1982,1982,CHI,Away,NYK,-1,2-pt FG,A. Gilmore,Assisted,20,43,36,13,26,0.5,2,3,0.667,8,12,0.667,7,7,2,0,26.4
Greg Ballard  ,2,1/10/1982,1982,WSB,Away,NYK,0,3-pt FG,D. Collins,Assisted,25,49,27,12,27,0.444,1,,,2,3,0.667,11,4,,,
World B. Free  ,3,12/2/1981,1981,GSW,Home,CHI,-1,2-pt FG,unassisted,Unassisted,12,34,27,12,21,0.571,0,0,,3,8,0.375,2,9,1,0,19
Rickey Green,1,11/20/1981,1981,UTA,Away,CHI,0,2-pt FG,J. Hardy,Assisted,22,32,13,4,8,0.5,0,0,,5,7,0.714,1,4,4,0,11.9
Sonny Parker,1,11/13/1981,1981,GSW,Away,HOU,0,2-pt FG,unassisted,Unassisted,0,18,15,6,7,0.857,0,0,,3,4,0.75,4,5,1,0,17.4
Alex English  ,2,3/24/1981,1981,DEN,Away,SAS,0,2-pt FG,unassisted,Unassisted,21,35,33,15,22,0.682,0,0,,3,7,0.429,8,3,2,1,27.6
James Bailey,1,3/13/1981,1981,SEA,Away,DET,0,2-pt FG,unassisted,Unassisted,6,40,21,7,13,0.538,0,0,,7,10,0.7,9,0,,,
Phil Ford,1,2/18/1981,1981,KCK,Home,BOS,-1,2-pt FG,S. Lacey,Assisted,20,32,28,12,17,0.706,0,0,,4,4,1,3,10,1,0,
Kelvin Ransey,1,1/29/1981,1981,POR,Away,SDC,0,2-pt FG,unassisted,Unassisted,10,37,21,10,20,0.5,0,0,,1,2,0.5,6,8,1,1,15.1
Jamaal Wilkes  ,2,1/16/1981,1981,LAL,Away,NJN,0,2-pt FG,N. Nixon,Assisted,20,39,32,12,17,0.706,0,0,,8,10,0.8,6,5,4,0,27.8
Billy Ray Bates,1,12/30/1980,1980,POR,Home,PHI,-1,2-pt FG,K. Washington,Assisted,0,14,6,3,8,0.375,0,1,0,0,0,,0,3,0,0,2.3
James Silas  ,1,11/29/1980,1980,SAS,Away,KCK,0,Free throw,,Free Throw,,21,6,2,9,0.222,0,0,,2,4,0.5,3,3,1,0,
Micheal Ray Richardson  ,2,11/29/1980,1980,NYK,Home,POR,-2,3-pt FG,unassisted,Unassisted,25,43,20,7,13,0.538,1,2,0.5,5,6,0.833,5,8,2,0,18.4
Darwin Cook,1,10/31/1980,1980,NJN,Home,WSB,0,2-pt FG,J. van Breda Kolff,Assisted,20,23,10,5,14,0.357,0,,,0,0,,4,0,,,
Jamaal Wilkes  ,1,3/27/1980,1980,LAL,Away,UTA,0,2-pt FG,N. Nixon,Assisted,20,35,21,9,19,0.474,0,1,0,3,4,0.75,4,0,3,0,13.5
Ricky Sobers,1,3/5/1980,1980,CHI,Away,GSW,-2,3-pt FG,unassisted,Unassisted,28,32,8,3,8,0.375,1,1,1,1,2,0.5,2,7,0,1,6.6
Brian Winters  ,2,2/6/1980,1980,MIL,Home,CLE,0,2-pt FG,Q. Buckner,Assisted,21,37,19,9,17,0.529,0,1,0,1,1,1,6,5,3,0,16.8
Alex English  ,1,1/27/1980,1980,IND,Home,CLE,0,2-pt FG,unassisted,Unassisted,0,26,11,5,10,0.5,0,0,,1,1,1,8,6,1,0,13.2
Walter Davis  ,2,1/17/1980,1980,PHO,Home,ATL,0,2-pt FG,unassisted,Unassisted,14,33,19,9,17,0.529,0,0,,1,2,0.5,2,5,2,0,12
Greg Ballard  ,1,1/5/1980,1980,WSB,Away,UTA,-2,3-pt FG,W. Unseld,Assisted,24,28,20,9,12,0.75,1,1,1,1,1,1,9,1,,0,
Chris Ford,1,12/14/1979,1979,BOS,Home,MIL,0,3-pt FG,C. Maxwell,Assisted,30,38,15,5,8,0.625,3,6,0.5,2,2,1,4,5,3,0,
World B. Free  ,2,12/9/1979,1979,SDC,Away,POR,0,2-pt FG,unassisted,Unassisted,22,37,25,8,24,0.333,0,0,,9,10,0.9,5,6,1,0,14.3
Kevin Grevey,1,12/8/1979,1979,WSB,Home,ATL,-1,2-pt FG,W. Unseld,Assisted,15,32,19,5,13,0.385,0,,,9,9,1,7,4,,,
Micheal Ray Richardson  ,1,12/5/1979,1979,NYK,Away,WSB,0,2-Pt FG+FT,unassisted,Unassisted,0,43,16,4,9,0.444,0,,,8,9,0.889,10,10,3,,
Randy Smith  ,2,11/29/1979,1979,CLE,Home,NYK,0,2-pt FG,unassisted,Unassisted,0,29,16,8,15,0.533,0,1,0,0,0,,3,2,0,0,7
Calvin Natt  ,1,11/18/1979,1979,NJN,Home,SAS,0,2-pt FG,E. Jordan,Assisted,0,38,33,14,24,0.583,0,0,,5,6,0.833,13,1,1,1,
Moses Malone  ,2,11/13/1979,1979,HOU,Away,CHI,-1,Free throw,,Free Throw,,43,45,17,25,0.68,0,0,,11,13,0.846,11,2,1,2,35
Johnny Davis,1,11/10/1979,1979,IND,Away,GSW,0,3-pt FG,M. Johnson,Assisted,38,39,23,8,17,0.471,1,1,1,6,9,0.667,1,7,1,0,15.3
Marques Johnson  ,2,11/3/1979,1979,MIL,Away,CHI,0,2-pt FG,B. Winters,Assisted,0,39,30,12,24,0.5,0,0,,6,10,0.6,15,5,4,1,25.5
Randy Smith  ,1,11/1/1979,1979,CLE,Away,DET,0,2-pt FG,unassisted,Unassisted,20,33,17,7,14,0.5,0,0,,3,4,0.75,4,3,0,0,9.9
Walter Davis  ,1,10/28/1979,1979,PHO,Away,POR,-1,2-pt FG,A. Adams,Assisted,18,36,20,7,17,0.412,0,0,,6,8,0.75,4,6,2,0,15.1
Kermit Washington  ,2,10/23/1979,1979,POR,Home,KCK,0,2-pt FG,unassisted,Unassisted,0,34,6,3,3,1,0,0,,0,0,,9,1,0,3,7.6
Kareem Abdul-Jabbar  ,2,10/12/1979,1979,LAL,Away,SDC,-1,2-pt FG,unassisted,Unassisted,18,39,29,13,22,0.591,0,0,,3,4,0.75,10,4,2,3,25.1
Larry Wright,1,5/20/1979,1979,WSB,Home,SEA,0,Free throw,,Free Throw,,23,26,12,18,0.667,,,,2,3,0.667,3,2,1,0,19.5
Moses Malone  ,1,3/30/1979,1979,HOU,Away,SAS,-1,Free throw,,Free Throw,,40,36,12,20,0.6,,,,12,14,0.857,19,2,0,3,34.2
Ron Brewer,1,3/24/1979,1979,POR,Home,KCK,0,Free throw,,Free Throw,,37,24,9,13,0.692,,,,6,7,0.857,3,1,0,1,18.6
Charles Johnson  ,2,2/13/1979,1979,WSB,Away,SDC,0,2-pt FG,unassisted,Unassisted,25,34,8,4,15,0.267,,,,0,0,,3,2,3,,
Clifford Ray,1,1/31/1979,1979,GSW,Away,PHI,0,2-pt FG,J. Lucas,Assisted,0,40,8,4,12,0.333,,,,0,0,,9,6,2,0,7.3
Kermit Washington  ,1,1/17/1979,1979,SDC,Home,LAL,0,2-pt FG,unassisted,Unassisted,0,27,13,4,7,0.571,,,,5,6,0.833,8,1,3,0,11.6
Tom Boswell,1,1/2/1979,1979,DEN,Away,KCK,0,2-pt FG,unassisted,Unassisted,0,26,8,3,4,0.75,,,,2,2,1,8,2,0,0,11.4
George Johnson  ,2,12/3/1978,1978,NJN,Away,LAL,0,2-pt FG,unassisted,Unassisted,0,15,6,2,3,0.667,,,,2,3,0.667,4,1,0,0,4
Marques Johnson  ,1,10/22/1978,1978,MIL,Home,GSW,0,2-pt FG,J. Gianelli,Assisted,0,40,33,13,20,0.65,,,,7,9,0.778,12,5,2,1,32.6
Foots Walker,1,4/7/1978,1978,CLE,Away,ATL,0,2-pt FG,?,Assisted,18,34,17,5,9,0.556,,,,7,8,0.875,1,5,3,0,16.9
Jack Sikma  ,1,3/24/1978,1978,SEA,Home,IND,0,2-pt FG,unassisted,Unassisted,25,45,28,12,19,0.632,,,,4,6,0.667,10,5,3,,
Fred Brown  ,2,3/11/1978,1978,SEA,Away,HOU,0,2-pt FG,unassisted,Unassisted,0,31,25,11,18,0.611,,,,3,4,0.75,0,7,,0,
Lionel Hollins,1,2/26/1978,1978,POR,Away,CHI,-1,2-pt FG,unassisted,Unassisted,30,41,15,7,17,0.412,,,,1,1,1,5,8,2,2,13.4
John Williamson,1,2/12/1978,1978,NJN,Home,NYK,0,2-pt FG,K. Porter,Assisted,25,48,43,18,33,0.545,,,,7,8,0.875,7,1,,,
Tom Henderson,1,1/8/1978,1978,WSB,Away,NJN,-1,2-pt FG,unassisted,Unassisted,15,36,16,8,14,0.571,,,,0,0,,2,6,,,
Lonnie Shelton,1,12/13/1977,1977,NYK,Home,ATL,-1,2-pt FG,unassisted,Unassisted,15,15,19,6,7,0.857,,,,7,7,1,4,1,,,
Brian Winters  ,1,12/8/1977,1977,MIL,Away,GSW,-1,2-pt FG,?,Assisted,28,36,22,10,21,0.476,,,,2,3,0.667,4,4,1,0,13.7
Pete Maravich,1,11/24/1977,1977,NOJ,Home,DEN,0,2-pt FG,unassisted,Unassisted,0,43,31,12,31,0.387,,,,7,8,0.875,2,8,4,0,16.9
Jo Jo White  ,2,4/17/1977,1977,BOS,Away,PHI,0,2-pt FG,unassisted,Unassisted,18,38,21,10,19,0.526,,,,1,1,1,4,7,,0,
Truck Robinson,1,3/22/1977,1977,ATL,Away,BUF,0,2-pt FG,S. Hawes,Assisted,17,,34,11,,,,,,12,12,1,,,,,
Quinn Buckner,1,3/12/1977,1977,MIL,Home,IND,0,2-pt FG,?,Assisted,20,38,12,5,11,0.455,,,,2,2,1,6,9,0,0,
John Drew,1,3/8/1977,1977,ATL,Home,PHI,-1,2-pt FG,L. Hudson,Assisted,21,38,30,11,23,0.478,,,,8,10,0.8,6,1,,,
Swen Nater,1,2/17/1977,1977,MIL,Home,GSW,0,2-pt FG,D. Meyers,Assisted,10,40,12,6,13,0.462,,,,0,0,,12,3,0,1,
Walt Frazier  ,2,12/18/1976,1976,NYK,Home,CLE,0,2-pt FG,unassisted,Unassisted,0,48,24,12,20,0.6,,,,0,0,,9,9,2,0,
Artis Gilmore,1,12/17/1976,1976,CHI,Home,SAS,0,2-pt FG,M. Johnson,Assisted,0,36,19,8,13,0.615,,,,3,5,0.6,21,3,0,1,
Ken Charles,1,12/14/1976,1976,ATL,Home,LAL,0,2-pt FG,unassisted,Unassisted,20,26,20,10,16,0.625,,,,0,0,,0,7,,,
Brian Taylor,1,11/23/1976,1976,KCK,Away,NYK,0,Free throw,,Free Throw,,32,14,5,15,0.333,,,,4,5,0.8,5,4,6,0,
John Johnson,1,11/20/1976,1976,HOU,Home,KCK,-1,2-pt FG,J. Lucas,Assisted,15,44,30,14,17,0.824,,,,2,2,1,3,5,0,0,
Rich Jones,1,10/22/1976,1976,NYN,Away,GSW,-1,2-pt FG,J. van Breda Kolff,Assisted,20,30,14,6,14,0.429,,,,2,2,1,8,0,0,0,
Jim Cleamons,1,4/22/1976,1976,CLE,Home,WSB,-1,2-pt FG,unassisted,Unassisted,0,36,6,2,9,0.222,,,,2,2,1,9,4,0,1,
World B. Free  ,1,4/2/1976,1976,PHI,Home,WSB,0,2-pt FG,unassisted,Unassisted,22,19,11,4,11,0.364,,,,3,5,0.6,1,1,,,
Elvin Hayes  ,3,2/29/1976,1976,WSB,Home,HOU,0,2-pt FG,W. Unseld,Assisted,20,44,21,10,17,0.588,,,,1,2,0.5,18,3,0,4,
Curtis Perry,1,2/21/1976,1976,PHO,Away,HOU,0,2-pt FG,unassisted,Unassisted,8,42,20,8,15,0.533,,,,4,6,0.667,14,4,1,0,
Slick Watts,1,2/15/1976,1976,SEA,Home,DET,0,2-pt FG,unassisted,Unassisted,28,40,14,7,14,0.5,,,,0,0,,4,8,,,
George Johnson  ,1,2/14/1976,1976,GSW,Home,DET,0,Free throw,,Free Throw,,26,5,2,3,0.667,,,,1,2,0.5,9,1,0,3,
Kareem Abdul-Jabbar  ,1,1/13/1976,1976,LAL,Away,CHI,0,2-pt FG,unassisted,Unassisted,15,47,35,13,27,0.481,,,,9,12,0.75,21,2,3,6,
Tom Burleson,1,1/9/1976,1976,SEA,Away,PHO,0,2-pt FG,unassisted,Unassisted,0,43,25,10,16,0.625,,,,5,8,0.625,8,2,1,2,
Bob McAdoo,1,1/6/1976,1976,BUF,Home,LAL,-1,2-pt FG,?,Assisted,24,48,41,14,32,0.438,,,,13,19,0.684,15,4,0,2,
Jack Marin,1,1/5/1976,1976,CHI,Home,HOU,-1,2-pt FG,unassisted,Unassisted,12,21,14,5,13,0.385,,,,4,4,1,3,3,1,0,
Mike Newlin,1,11/29/1975,1975,HOU,Home,PHI,-1,2-pt FG,?,Assisted,20,42,22,8,14,0.571,,,,6,6,1,4,11,3,,
Fred Carter,1,11/25/1975,1975,PHI,Home,GSW,-1,2-pt FG,unassisted,Unassisted,25,41,20,10,21,0.476,,,,0,0,,5,6,3,0,
Jim Brewer,1,3/16/1975,1975,CLE,Away,NOJ,0,2-pt FG,unassisted,Unassisted,0,43,24,11,21,0.524,,,,2,3,0.667,15,2,1,1,
Tiny Archibald,1,3/6/1975,1975,KCO,Home,BUF,-1,2-pt FG,R. Behagen,Assisted,30,,17,6,18,0.333,,,,5,6,0.833,4,4,0,1,
Phil Chenier,1,2/6/1975,1975,WSB,Away,GSW,-1,Free throw,,Free Throw,,43,31,11,33,0.333,,,,9,10,0.9,4,4,1,2,
John Gianelli,1,1/30/1975,1975,NYK,Away,ATL,0,2-pt FG,W. Frazier,Assisted,0,44,18,7,11,0.636,,,,4,4,1,10,2,,,
Jon McGlocklin,1,1/27/1975,1975,MIL,Away,NOJ,0,2-pt FG,M. Davis,Assisted,20,41,17,8,16,0.5,,,,1,2,0.5,3,1,3,0,
Walt Frazier  ,1,1/4/1975,1975,NYK,Home,CLE,-1,2-pt FG,E. Monroe,Assisted,20,46,24,10,17,0.588,,,,4,5,0.8,7,4,1,0,
Paul Westphal,1,12/14/1974,1974,BOS,Away,ATL,0,2-pt FG,D. Nelson,Assisted,30,24,14,7,13,0.538,,,,0,0,,4,,,,
Charles Johnson  ,1,10/25/1974,1974,GSW,Away,POR,0,2-pt FG,C. Ray,Assisted,18,45,16,8,22,0.364,,,,0,0,,6,7,3,0,
Jo Jo White  ,1,4/12/1974,1974,BOS,Away,BUF,0,Free throw,,Free Throw,,40,18,8,22,0.364,,,,2,2,1,3,3,,,
Jim McMillian,1,4/6/1974,1974,BUF,Home,BOS,0,2-pt FG,unassisted,Unassisted,0,38,15,7,17,0.412,,,,1,5,0.2,18,2,,,
Fred Brown  ,1,3/23/1974,1974,SEA,Away,GSW,0,2-pt FG,W. Hazzard,Assisted,20,45,58,24,37,0.649,,,,10,13,0.769,6,3,2,0,
Barry Clemens,1,3/15/1974,1974,CLE,Home,BOS,-1,2-pt FG,unassisted,Unassisted,28,2,4,1,1,1,,,,2,2,1,2,0,0,0,
Rick Barry  ,3,3/7/1974,1974,GSW,Away,MIL,0,2-pt FG,J. Mullins,Assisted,24,46,31,15,36,0.417,,,,1,1,1,6,10,2,0,
Jerry Sloan,1,2/15/1974,1974,CHI,Away,MIL,0,2-pt FG,N. Van Lier,Assisted,18,40,22,10,16,0.625,,,,2,2,1,10,3,,0,
Bob Weiss,1,2/5/1974,1974,CHI,Home,BOS,0,2-pt FG,B. Love,Assisted,20,18,10,3,5,0.6,,,,4,4,1,2,1,1,0,
George Trapp,1,2/5/1974,1974,DET,Away,POR,0,2-pt FG,?,Assisted,25,24,10,5,11,0.455,,,,0,0,,6,0,0,1,
Rick Barry  ,2,1/31/1974,1974,GSW,Away,HOU,-1,2-pt FG,C. Johnson,Assisted,28,44,38,15,29,0.517,,,,8,11,0.727,3,4,0,2,
Jerry West  ,4,1/18/1974,1974,LAL,Away,KCO,-1,2-pt FG,C. Hawkins,Assisted,21,20,7,3,12,0.25,,,,1,2,0.5,3,5,2,,
Jim Price,1,12/18/1973,1973,LAL,Home,MIL,0,2-pt FG,B. Bridges,Assisted,25,36,16,7,10,0.7,,,,2,2,1,4,11,4,,
Jimmy Walker  ,2,12/16/1973,1973,KCO,Home,DET,-1,2-pt FG,D. Kojis,Assisted,12,,25,12,18,0.667,,,,1,2,0.5,4,3,,,
Bob Love,1,11/24/1973,1973,CHI,Home,DET,0,2-pt FG,N. Van Lier,Assisted,22,50,31,12,27,0.444,,,,7,10,0.7,11,0,3,1,
Howard Komives,1,1/18/1973,1973,BUF,Away,ATL,0,Free throw,,Free Throw,,,10,3,11,0.273,,,,4,5,0.8,2,,,,
Earl Monroe,1,1/12/1973,1973,NYK,Away,HOU,-1,2-pt FG,unassisted,Unassisted,10,44,25,10,16,0.625,,,,5,6,0.833,6,6,,,
Dave DeBusschere,1,12/30/1972,1972,NYK,Home,BAL,0,2-pt FG,E. Monroe,Assisted,20,39,16,8,18,0.444,,,,0,0,,9,5,,,
Don May  ,2,12/27/1972,1972,ATL,N,PHI,-1,2-pt FG,unassisted,Unassisted,10,15,14,6,11,0.545,,,,2,2,1,7,2,,,
John Brisker,1,11/18/1972,1972,SEA,Away,POR,0,2-pt FG,unassisted,Unassisted,20,18,14,6,12,0.5,,,,2,2,1,3,3,,,
Rick Barry  ,1,10/16/1972,1972,GSW,Home,BAL,-1,2-pt FG,unassisted,Unassisted,0,40,22,10,28,0.357,,,,2,2,1,8,3,,,
Dick Snyder  ,2,2/16/1972,1972,SEA,Home,BOS,-1,2-pt FG,B. Clemens,Assisted,25,46,23,10,17,0.588,,,,3,4,0.75,3,5,,,
Wes Unseld,1,1/26/1972,1972,BAL,Home,BUF,-1,2-pt FG,G. Johnson,Assisted,0,51,16,8,16,0.5,,,,0,0,,20,7,,,
Dick Van Arsdale,1,1/11/1972,1972,PHO,Away,MIL,-1,Free throw,,Free Throw,,41,13,2,8,0.25,,,,9,13,0.692,2,4,,,
Jimmy Walker  ,1,1/2/1972,1972,DET,Away,HOU,0,2-pt FG,unassisted,Unassisted,16,,26,9,15,0.6,,,,8,8,1,7,,,,
Walt Wesley,1,12/28/1971,1971,CLE,Home,POR,0,Free throw,,Free Throw,,47,22,9,21,0.429,,,,4,7,0.571,18,3,,,
John Havlicek  ,2,12/27/1971,1971,BOS,Home,GSW,0,2-pt FG,D. Nelson,Assisted,25,46,28,12,24,0.5,,,,4,5,0.8,12,8,,,
Elvin Hayes  ,2,12/12/1971,1971,HOU,Home,SEA,0,2-pt FG,D. Gibbs,Assisted,15,41,34,12,27,0.444,,,,10,15,0.667,16,1,,,
John Havlicek  ,1,11/5/1971,1971,BOS,Home,DET,-1,2-pt FG,J. White,Assisted,40,48,14,6,23,0.261,,,,2,3,0.667,15,11,,,
Don May  ,1,10/29/1971,1971,ATL,Away,CLE,-1,2-pt FG,B. Bridges,Assisted,35,41,28,13,21,0.619,,,,2,2,1,9,1,,,
Connie Hawkins,1,10/29/1971,1971,PHO,Away,PHI,0,2-pt FG,P. Silas,Assisted,28,38,19,6,19,0.316,,,,7,8,0.875,8,3,,,
Bob Kauffman,1,10/29/1971,1971,BUF,Away,POR,-1,2-pt FG,unassisted,Unassisted,0,44,26,11,17,0.647,,,,4,5,0.8,11,5,,,
Dave Sorenson,1,1/25/1971,1971,CLE,Home,BOS,-1,2-pt FG,J. Johnson,Assisted,22,14,10,2,2,1,,,,6,6,1,1,1,,,
George Wilson,1,12/15/1970,1970,BUF,Home,LAL,0,2-pt FG,?,Assisted,30,24,9,4,8,0.5,,,,1,1,1,2,0,,,
Walt Bellamy,1,11/13/1970,1970,ATL,Away,BOS,0,2-pt FG,B. Bridges,Assisted,0,33,13,4,8,0.5,,,,5,6,0.833,13,1,,,
Happy Hairston,1,1/24/1970,1970,LAL,Away,SEA,-1,2-pt FG,J. Egan,Assisted,0,46,22,9,14,0.643,,,,4,5,0.8,17,2,,,
Willis Reed,1,12/25/1969,1969,NYK,Home,DET,-1,2-pt FG,W. Frazier,Assisted,0,44,33,14,24,0.583,,,,5,8,0.625,15,2,,,
Clem Haskins,1,12/6/1969,1969,CHI,Home,BOS,0,2-pt FG,A. Tucker,Assisted,40,48,23,7,20,0.35,,,,9,11,0.818,5,21,,,
Hal Greer  ,2,12/5/1969,1969,PHI,Away,BOS,-1,2-pt FG,B. Cunningham,Assisted,0,44,39,15,23,0.652,,,,9,10,0.9,3,4,,,
Don Kojis,1,11/10/1969,1969,SDR,N,SFW,-1,2-pt FG,?,Assisted,30,25,20,6,20,0.3,,,,8,10,0.8,9,2,,,
Stan McKenzie,1,11/7/1969,1969,PHO,Away,LAL,0,2-pt FG,unassisted,Unassisted,18,16,6,3,8,0.375,,,,0,0,,4,2,,,
Elvin Hayes  ,1,4/4/1969,1969,SDR,Home,ATL,0,2-pt FG,?,Assisted,18,,30,13,20,0.65,,,,4,5,0.8,20,1,,,
Jim Washington,1,3/4/1969,1969,CHI,Home,PHI,-1,2-pt FG,unassisted,Unassisted,10,46,30,13,26,0.5,,,,4,8,0.5,15,2,,,
Bob Rule,1,2/23/1969,1969,SEA,Home,BOS,0,2-pt FG,L. Wilkens,Assisted,35,44,30,13,24,0.542,,,,4,10,0.4,13,2,,,
Zelmo Beaty,1,12/29/1968,1968,ATL,Home,BAL,0,2-pt FG,unassisted,Unassisted,18,37,23,8,18,0.444,,,,7,8,0.875,7,1,,,
Gus Johnson,1,11/23/1968,1968,BAL,Home,DET,-1,2-pt FG,unassisted,Unassisted,0,,32,13,,,,,,6,7,0.857,,,,,
Bailey Howell,1,2/7/1968,1968,BOS,Home,STL,-1,2-pt FG,L. Siegfried,Assisted,0,37,17,5,13,0.385,,,,7,9,0.778,7,0,,,
Cazzie Russell  ,2,1/31/1968,1968,NYK,Away,CIN,0,2-pt FG,unassisted,Unassisted,12,31,21,10,21,0.476,,,,1,1,1,6,6,,,
Bob Boozer  ,3,12/8/1967,1967,CHI,Away,SEA,-1,2-pt FG,unassisted,Unassisted,0,42,21,5,12,0.417,,,,11,13,0.846,13,2,,,
Bud Olsen,1,11/19/1967,1967,SEA,Home,DET,0,2-pt FG,unassisted,Unassisted,0,13,3,1,2,0.5,,,,1,1,1,6,4,,,
Dick Snyder  ,1,11/11/1967,1967,STL,Home,SFW,-1,2-pt FG,unassisted,Unassisted,0,38,14,7,17,0.412,,,,0,0,,2,4,,,
Cazzie Russell  ,1,10/17/1967,1967,NYK,Home,SFW,0,2-pt FG,?,Assisted,30,24,23,10,24,0.417,,,,3,3,1,5,2,,,
Bob Boozer  ,2,1/20/1967,1967,CHI,Home,DET,-1,Free throw,,Free Throw,,41,27,7,16,0.438,,,,13,15,0.867,6,1,,,
Richie Guerin  ,2,1/2/1967,1967,STL,N,DET,0,2-pt FG,unassisted,Unassisted,25,43,41,18,25,0.72,,,,5,9,0.556,1,5,,,
Richie Guerin  ,1,12/15/1966,1966,STL,N,BOS,0,2-pt FG,unassisted,Unassisted,0,39,23,10,24,0.417,,,,3,4,0.75,3,4,,,
Fred Hetzel,1,12/9/1966,1966,SFW,Away,LAL,-1,2-pt FG,N. Thurmond,Assisted,15,22,14,4,9,0.444,,,,6,6,1,5,1,,,
Bill Bridges,1,12/2/1966,1966,STL,Home,NYK,0,2-pt FG,unassisted,Unassisted,14,44,22,9,19,0.474,,,,4,7,0.571,27,2,,,
Jim King,1,11/26/1966,1966,SFW,Home,CHI,0,2-pt FG,N. Thurmond,Assisted,30,26,24,10,15,0.667,,,,4,4,1,5,3,,,
Wilt Chamberlain  ,3,12/29/1965,1965,PHI,Away,DET,0,Free throw,,Free Throw,,48,34,14,28,0.5,,,,6,13,0.462,23,3,,,
Oscar Robertson,1,12/26/1965,1965,CIN,Away,STL,0,2-pt FG,unassisted,Unassisted,6,48,37,12,21,0.571,,,,13,16,0.813,7,9,,,
Guy Rodgers,1,11/12/1965,1965,SFW,Away,DET,-1,Free throw,,Free Throw,,35,16,6,20,0.3,,,,4,6,0.667,9,8,,,
Jim Barnes,1,3/9/1965,1965,NYK,Home,PHI,0,2-pt FG,unassisted,Unassisted,0,46,20,9,25,0.36,,,,2,4,0.5,16,4,,,
Cliff Hagan  ,4,3/6/1965,1965,STL,Home,LAL,0,2-pt FG,unassisted,Unassisted,0,42,32,13,20,0.65,,,,6,6,1,5,3,,,
Jerry West  ,3,3/3/1965,1965,LAL,Away,BOS,0,2-pt FG,W. Hazzard,Assisted,20,43,30,10,27,0.37,,,,10,12,0.833,6,6,,,
Bob Boozer  ,1,1/15/1965,1965,NYK,Away,SFW,0,2-pt FG,unassisted,Unassisted,0,27,15,6,12,0.5,,,,3,4,0.75,9,0,,,
Ray Scott,1,11/20/1964,1964,DET,Away,BAL,-1,2-pt FG,D. Butcher,Assisted,20,,14,7,,,,,,0,0,,,,,,
Bob Pettit  ,2,11/1/1964,1964,STL,Away,LAL,-1,Free throw,,Free Throw,,35,24,8,17,0.471,,,,8,8,1,14,1,,,
Elgin Baylor,1,3/25/1964,1964,LAL,Home,STL,0,2-pt FG,unassisted,Unassisted,22,46,23,7,17,0.412,,,,9,9,1,16,11,,,
Wilt Chamberlain  ,2,12/28/1963,1963,SFW,Away,BAL,0,2-pt FG,A. Attles,Assisted,12,48,26,11,24,0.458,,,,4,8,0.5,19,6,,,
Hal Greer  ,1,11/26/1963,1963,PHI,Home,BAL,0,2-pt FG,unassisted,Unassisted,25,,30,13,35,0.371,,,,4,5,0.8,17,6,,,
Jerry West  ,2,4/2/1963,1963,LAL,Home,STL,0,2-pt FG,unassisted,Unassisted,15,41,22,8,20,0.4,,,,6,8,0.75,12,4,,,
Wilt Chamberlain  ,1,2/19/1963,1963,SFW,Home,LAL,0,2-pt FG,G. Rodgers,Assisted,12,48,39,13,33,0.394,,,,13,18,0.722,36,7,,,
Cliff Hagan  ,3,2/13/1963,1963,STL,Away,NYK,-1,2-pt FG,?,Assisted,30,,20,9,,,,,,2,2,1,,,,,
Jerry West  ,1,4/10/1962,1962,LAL,Home,BOS,0,2-pt FG,unassisted,Unassisted,0,41,36,11,19,0.579,,,,14,16,0.875,4,2,,,
Ed Conlin  ,2,11/4/1961,1961,PHW,Home,DET,0,2-Pt FG+FT,unassisted,Unassisted,0,,8,3,12,0.25,,,,2,2,1,5,4,,,
Dick Garmaker,1,12/13/1960,1960,NYK,Home,BOS,0,2-pt FG,unassisted,Unassisted,0,,14,6,,,,,,2,2,1,,,,,
Gene Shue,1,11/15/1960,1960,DET,N,BOS,-1,2-pt FG,?,Assisted,,,26,9,,,,,,8,10,0.8,,,,,
Ed Conlin  ,1,10/28/1960,1960,PHW,Home,LAL,0,2-pt FG,G. Rodgers,Assisted,30,,10,5,15,0.333,,,,0,1,0,10,0,,,
Tom Heinsohn,1,3/24/1960,1960,BOS,Away,PHW,0,2-pt FG,unassisted,Unassisted,0,31,22,7,16,0.438,,,,8,10,0.8,7,3,,,
Larry Costello,1,2/10/1960,1960,SYR,N,MNL,-1,2-pt FG,unassisted,Unassisted,,,14,4,,,,,,6,6,1,,,,,
Paul Arizin,1,12/6/1959,1959,PHW,Home,DET,0,2-pt FG,T. Gola,Assisted,40,,33,11,25,0.44,,,,11,12,0.917,8,1,,,
Kenny Sears,1,11/29/1959,1959,NYK,Away,PHW,-1,2-pt FG,J. George,Assisted,20,,17,7,14,0.5,,,,3,3,1,5,1,,,
Cliff Hagan  ,2,3/11/1959,1959,STL,Away,SYR,0,2-pt FG,?,Assisted,,,22,10,,,,,,2,4,0.5,11,,,,
Bill Sharman  ,3,2/11/1959,1959,BOS,Home,PHW,0,2-pt FG,B. Cousy,Assisted,10,30,21,9,22,0.409,,,,3,3,1,5,3,,,
Ray Felix,1,1/31/1959,1959,NYK,N,SYR,0,2-pt FG,unassisted,Unassisted,,,24,10,,,,,,4,7,0.571,,,,,
Walter Dukes,1,2/16/1958,1958,DET,Away,STL,0,2-pt FG,unassisted,Unassisted,0,,19,6,10,0.6,,,,7,13,0.538,,,,,
Neil Johnston  ,2,1/17/1958,1958,PHW,N,NYK,-1,2-pt FG,unassisted,Unassisted,15,,21,8,17,0.471,,,,5,10,0.5,10,1,,,
Cliff Hagan  ,1,4/11/1957,1957,STL,Home,BOS,0,2-pt FG,unassisted,Unassisted,0,31,16,7,14,0.5,,,,2,3,0.667,20,4,,,
Dolph Schayes  ,3,3/9/1957,1957,SYR,Home,BOS,0,2-pt FG,unassisted,Unassisted,17,,36,9,,,,,,18,18,1,,,,,
Bob Harrison  ,2,2/23/1957,1957,SYR,Away,MNL,0,2-pt FG,?,Assisted,40,,10,4,11,0.364,,,,2,3,0.667,,,,,
Bill Sharman  ,2,12/22/1956,1956,BOS,Home,STL,0,2-pt FG,B. Cousy,Assisted,15,34,8,3,14,0.214,,,,2,2,1,,3,,,
Bob Harrison  ,1,2/20/1956,1956,STL,N,FTW,0,2-pt FG,?,Assisted,30,,4,2,,,,,,0,0,,,,,,
Bob Cousy,1,2/9/1956,1956,BOS,Away,SYR,-1,2-pt FG,unassisted,Unassisted,,44,17,6,18,0.333,,,,5,8,0.625,8,9,,,
Bob Pettit  ,1,2/8/1956,1956,STL,N,BOS,-1,2-pt FG,unassisted,Unassisted,0,46,36,13,24,0.542,,,,10,11,0.909,17,,,,
Richie Regan,1,12/10/1955,1955,ROC,Home,FTW,-1,2-pt FG,?,Assisted,25,,11,5,,,,,,1,1,1,,,,,
Jim Tucker,1,11/5/1955,1955,SYR,Home,FTW,-1,2-pt FG,P. Seymour,Assisted,,16,3,1,6,0.167,,,,1,1,1,4,1,,,
Dick Farley,1,2/19/1955,1955,SYR,Away,NYK,0,2-pt FG,P. Seymour,Assisted,35,,16,6,,,,,,4,5,0.8,,,,,
Jim Baechtold,1,2/13/1955,1955,NYK,Away,BOS,0,2-pt FG,unassisted,Unassisted,15,33,16,5,14,0.357,,,,6,6,1,,8,,,
Dolph Schayes  ,2,1/19/1955,1955,SYR,N,PHW,0,Free throw,,Free Throw,,36,22,5,17,0.294,,,,12,13,0.923,19,1,,,
Vern Mikkelsen,1,12/8/1954,1954,MNL,Away,BOS,0,Free throw,,Free Throw,,40,25,7,20,0.35,,,,11,11,1,,2,,,
Odie Spears,1,12/5/1954,1954,ROC,Away,FTW,0,Free throw,,Free Throw,,,14,5,,,,,,4,5,0.8,,,,,
Cal Christensen,1,10/30/1954,1954,ROC,Home,BOS,0,Free throw,,Free Throw,,,5,1,,,,,,3,4,0.75,,,,,
Irv Bemoras  ,2,2/23/1954,1954,MLH,N,SYR,0,2-pt FG,B. Tosheff,Assisted,0,11,6,3,8,0.375,,,,0,1,0,3,1,,,
Irv Bemoras  ,1,2/21/1954,1954,MLH,Away,FTW,0,Free throw,,Free Throw,,,9,3,,,,,,3,3,1,,,,,
Carl Braun  ,4,1/22/1954,1954,NYK,N,PHW,0,2-pt FG,?,Assisted,,,3,1,,,,,,1,1,1,,,,,
Wally Osterkorn,1,1/16/1954,1954,SYR,Away,ROC,0,2-pt FG,unassisted,Unassisted,10,,15,5,,,,,,5,8,0.625,,,,,
Carl Braun  ,3,12/19/1953,1953,NYK,Away,BLB,0,2-pt FG,unassisted,Unassisted,,,13,5,,,,,,3,3,1,,,,,
Mel Payton,1,3/13/1953,1953,INO,Home,MLH,0,2-pt FG,?,Assisted,,,5,2,,,,,,1,2,0.5,,,,,
Arnie Risen,1,3/8/1953,1953,ROC,Away,FTW,0,2-pt FG,?,Assisted,15,,22,7,,,,,,8,12,0.667,,,,,
George Ratkovicz,1,2/11/1953,1953,MLH,N,INO,0,2-pt FG,?,Assisted,25,,5,1,,,,,,3,3,1,,,,,
Vince Boryla  ,2,1/27/1953,1953,NYK,Away,ROC,0,2-pt FG,?,Assisted,40,,12,5,,,,,,2,3,0.667,,,,,
Andy Phillip  ,3,12/27/1952,1952,FTW,N,NYK,-1,2-pt FG,?,Assisted,0,,15,5,,,,,,5,5,1,,,,,
Bill Sharman  ,1,11/23/1952,1952,BOS,Away,ROC,0,2-pt FG,B. Brannum,Assisted,17,,21,9,13,0.692,,,,3,3,1,,,,,
Don Barksdale,1,11/22/1952,1952,BLB,N,PHW,-1,2-pt FG,unassisted,Unassisted,0,,14,6,,,,,,2,3,0.667,,,,,
Andy Phillip  ,2,11/1/1952,1952,PHW,Home,SYR,0,2-pt FG,unassisted,Unassisted,45,53,21,8,16,0.5,,,,5,7,0.714,11,10,,,
Arnie Johnson  ,2,3/13/1952,1952,ROC,Away,FTW,0,2-pt FG,B. Davies,Assisted,0,,15,5,11,0.455,,,,5,10,0.5,8,,,,
Neil Johnston  ,1,2/26/1952,1952,PHW,Away,INO,0,2-pt FG,W. Budko,Assisted,0,,10,4,,,,,,2,2,1,,,,,
Jack Coleman  ,2,2/14/1952,1952,ROC,Away,SYR,0,2-pt FG,unassisted,Unassisted,0,,16,7,,,,,,2,2,1,,,,,
Andy Phillip  ,1,2/1/1952,1952,PHW,Home,BLB,0,2-pt FG,unassisted,Unassisted,0,,14,5,10,0.5,,,,4,4,1,5,10,,,
Vince Boryla  ,1,12/18/1951,1951,NYK,Home,MNL,0,2-pt FG,C. Simmons,Assisted,30,,9,4,,,,,,1,1,1,,,,,
Chuck Cooper,1,2/21/1951,1951,BOS,Home,NYK,0,2-pt FG,S. Hertzberg,Assisted,20,,13,6,,,,,,1,4,0.25,,,,,
Ralph Beard  ,2,2/13/1951,1951,INO,Home,FTW,0,2-pt FG,B. Lavoy,Assisted,45,,21,8,,,,,,5,5,1,,,,,
Arnie Johnson  ,1,1/10/1951,1951,ROC,Away,BLB,0,2-pt FG,?,Assisted,,,17,6,7,0.857,,,,5,7,0.714,,,,,
Dolph Schayes  ,1,1/6/1951,1951,SYR,Away,NYK,0,2-pt FG,unassisted,Unassisted,10,,26,10,16,0.625,,,,6,9,0.667,15,4,,,
Ralph Beard  ,1,1/6/1951,1951,INO,Away,ROC,0,2-pt FG,P. Walther,Assisted,0,,17,8,23,0.348,,,,1,1,1,5,1,,,
Jack Coleman  ,1,11/29/1950,1950,ROC,Away,WSC,-1,2-pt FG,unassisted,Unassisted,0,,7,3,,,,,,1,1,1,,,,,
Johnny Payak,1,3/19/1950,1950,WAT,Home,TRI,0,2-pt FG,unassisted,Unassisted,8,,20,5,16,0.313,,,,10,14,0.714,,,,,
Carl Braun  ,2,3/8/1950,1950,NYK,Home,STB,0,2-pt FG,E. Vandeweghe,Assisted,30,,20,8,20,0.4,,,,4,7,0.571,,2,,,
Andy Duncan,1,2/26/1950,1950,ROC,Away,STB,0,2-pt FG,unassisted,Unassisted,0,,8,4,7,0.571,,,,0,1,0,,,,,
Bill Roberts,1,2/8/1950,1950,STB,Away,NYK,0,2-pt FG,B. Smawley,Assisted,35,,2,1,2,0.5,,,,0,1,0,,0,,,
Charlie Black,1,1/18/1950,1950,FTW,Away,SHE,-1,2-pt FG,?,Assisted,,,11,3,13,0.231,,,,5,8,0.625,,5,,,
Carl Braun  ,1,1/14/1950,1950,NYK,Home,BOS,0,2-pt FG,E. Vandeweghe,Assisted,,,21,10,23,0.435,,,,1,1,1,,7,,,
Dick McGuire,1,12/10/1949,1949,NYK,Home,CHS,0,2-pt FG,unassisted,Unassisted,0,,14,4,,,,,,6,9,0.667,,,,,
Herm Schaefer,1,2/26/1949,1949,MNL,Away,BLB,0,Free throw,,Free Throw,,,14,3,,,,,,8,9,0.889,,,,,
Belus Smawley,1,11/25/1948,1948,STB,Home,PRO,0,2-pt FG,?,Assisted,50,,16,6,,,,,,4,6,0.667,,,,,
John Logan,1,2/26/1948,1948,STB,Home,BOS,0,2-pt FG,?,Assisted,45,,18,5,14,0.357,,,,8,9,0.889,,,,,
Bob Feerick,1,1/22/1947,1947,WSC,Home,PHW,0,2-pt FG,?,Assisted,,,19,7,,,,,,5,7,0.714,,,,,
John Barr,1,12/10/1946,1946,STB,Away,CLR,-1,2-pt FG,A. Davis,Assisted,45,,4,2,,,,,,0,1,0,,,,,
